run_id,scenario,cycle,phase,axis,sample_count,time_start,time_end,duration,torque_mean,torque_max,torque_std,torque_rms,omega_max,accel_rms,energy,torque_slope
long_live_01,S0,1,cycle_complete,motor1,3,183.95,184.45,0.5,2.17493232,2.17493232,0,2.17493232,0,0,0,0
long_live_01,S0,1,cycle_complete,motor2,3,183.95,184.45,0.5,627.685462,627.685462,0,627.685462,0,0,0,0
long_live_01,S0,1,cycle_complete,motor3,3,183.95,184.45,0.5,854.442865,854.442865,0,854.442865,0,0,0,0
long_live_01,S0,1,cycle_complete,motor4,3,183.95,184.45,0.5,-1.89483394e-05,1.89483394e-05,0,1.89483394e-05,8.8817842e-14,2.56395025e-13,8.41475307e-19,0
long_live_01,S0,1,grip_contact,motor1,1,165.75,165.75,0,4.28218206,4.28218206,0,4.28218206,0.000817544222,0.00326989018,0,0
long_live_01,S0,1,grip_contact,motor2,1,165.75,165.75,0,1933.06482,1933.06482,0,1933.06482,0.00146443592,0.00571741361,0,0
long_live_01,S0,1,grip_contact,motor3,1,165.75,165.75,0,198.097421,198.097421,0,198.097421,0.00287950685,0.011350346,0,0
long_live_01,S0,1,grip_contact,motor4,1,165.75,165.75,0,6.6302592e-05,6.6302592e-05,0,6.6302592e-05,6.12700637e-06,0.0022620355,0,0
long_live_01,S0,1,lift_before_pick,motor1,11,162.4,172.75,10.35,1.4742542,17.7045725,11.080944,10.6676268,0.00105829986,0.00176245363,0.0133658742,1.9768806
long_live_01,S0,1,lift_before_pick,motor2,11,162.4,172.75,10.35,1408.04536,3167.19861,1099.74953,1755.58846,0.452789373,0.850950151,2915.91591,-199.059978
long_live_01,S0,1,lift_before_pick,motor3,11,162.4,172.75,10.35,857.275973,954.366125,54.7248734,858.862417,0.109628604,0.202575806,241.757658,-1.12680174
long_live_01,S0,1,lift_before_pick,motor4,11,162.4,172.75,10.35,2.83965479e-05,0.00148185652,0.000538214353,0.000513952324,0.00284316015,0.0109261579,4.94626338e-06,7.28131498e-07
long_live_01,S0,1,lift_with_load,motor1,18,165.9,176.95,11.05,4.55154128,8.08181246,1.26478076,4.71458671,0.000400504322,0.00203227106,0.00984364504,0.173798438
long_live_01,S0,1,lift_with_load,motor2,18,165.9,176.95,11.05,1218.106,1920.13705,602.592335,1351.56448,0.191052745,0.227994563,1233.41866,-120.273338
long_live_01,S0,1,lift_with_load,motor3,18,165.9,176.95,11.05,609.016383,853.520159,160.546718,628.684535,0.969882924,1.15349986,2831.24906,50.3003313
long_live_01,S0,1,lift_with_load,motor4,18,165.9,176.95,11.05,0.000108006921,0.000657127589,0.000292162748,0.000303780177,0.00149289673,0.00331704617,2.14681948e-06,6.47622002e-05
long_live_01,S0,1,move_to_pallet,motor1,17,167.95,178.75,10.8,4.06736441,14.6448265,6.67468728,7.64684444,0.00109858711,0.00149643735,0.0178921337,-1.34761227
long_live_01,S0,1,move_to_pallet,motor2,17,167.95,178.75,10.8,1075.01793,1943.67003,575.205779,1211.22367,0.194040071,0.497732237,849.278517,18.6072036
long_live_01,S0,1,move_to_pallet,motor3,17,167.95,178.75,10.8,855.546135,975.863588,42.2456304,856.527233,0.12819599,0.258873156,273.118902,1.68925
long_live_01,S0,1,move_to_pallet,motor4,17,167.95,178.75,10.8,2.31217596e-05,0.000864719178,0.000393699676,0.000382644008,0.00305710248,0.00601362819,3.15074576e-06,6.72862253e-05
long_live_01,S0,1,pallet_outfeed,motor1,5,182.6,183.5,0.9,2.17566368,2.17853675,0.00160625219,2.17566416,1.38892453e-07,4.98707683e-05,6.9061676e-08,-0.00400492222
long_live_01,S0,1,pallet_outfeed,motor2,5,182.6,183.5,0.9,627.679605,627.685462,0.0130117306,627.679605,4.20205497e-06,0.000501203633,0.000596499479,0.03237
long_live_01,S0,1,pallet_outfeed,motor3,5,182.6,183.5,0.9,854.443446,854.445766,0.00129680943,854.443446,6.83706247e-07,9.01441812e-05,0.000131651149,-0.00322333333
long_live_01,S0,1,pallet_outfeed,motor4,5,182.6,183.5,0.9,-1.90345071e-05,1.93776439e-05,1.91820395e-07,1.90352803e-05,8.20179746e-07,0.00016343666,3.58835248e-12,4.77004889e-07
long_live_01,S0,1,pallet_removed,motor1,1,183.75,183.75,0,2.17493232,2.17493232,0,2.17493232,0,0,0,0
long_live_01,S0,1,pallet_removed,motor2,1,183.75,183.75,0,627.685462,627.685462,0,627.685462,0,0,0,0
long_live_01,S0,1,pallet_removed,motor3,1,183.75,183.75,0,854.442865,854.442865,0,854.442865,0,0,0,0
long_live_01,S0,1,pallet_removed,motor4,1,183.75,183.75,0,-1.89483394e-05,1.89483394e-05,0,1.89483394e-05,0,0,0,0
long_live_01,S0,1,pick,motor1,17,163.85,174.85,11,4.49440226,8.52541774,1.38751711,4.69165303,0.000950882452,0.00139742184,0.00836703953,0.438258448
long_live_01,S0,1,pick,motor2,17,163.85,174.85,11,1349.40402,1954.33978,586.100527,1464.30815,0.187651898,0.225566067,1357.12485,127.606028
long_live_01,S0,1,pick,motor3,17,163.85,174.85,11,515.778724,784.93494,168.897875,541.180335,0.970461401,1.14974102,3040.10426,-40.350356
long_live_01,S0,1,pick,motor4,17,163.85,174.85,11,-0.000183585714,0.00116124278,0.000318433565,0.000359359079,0.0016906693,0.0056035978,2.02251905e-06,1.99159932e-05
long_live_01,S0,1,place,motor1,20,169.75,181,11.25,2.9497834,12.5465772,3.83259059,4.75978311,0.00100759996,0.00233039608,0.0111527163,-0.0835922551
long_live_01,S0,1,place,motor2,20,169.75,181,11.25,1079.11939,1716.36401,633.010612,1243.04705,0.00161884897,0.00416874058,5.86957005,-107.350674
long_live_01,S0,1,place,motor3,20,169.75,181,11.25,850.893794,968.179893,60.6352775,852.943758,0.15642827,0.343921516,470.58345,5.97566222
long_live_01,S0,1,place,motor4,20,169.75,181,11.25,4.94439265e-07,0.000838348583,0.000322714055,0.000314543141,0.000917462313,0.00315540471,1.3295256e-06,-3.34325951e-06
long_live_01,S0,1,return_home,motor1,2,182.15,182.35,0.2,1.06447525,3.01428132,2.75744218,2.22145251,0.000274378533,0.00169856683,6.54733623e-05,19.4980607
long_live_01,S0,1,return_home,motor2,2,182.15,182.35,0.2,629.417935,636.840367,10.4969033,629.461699,0.000790879102,0.00965533634,0.136103725,-74.224315
long_live_01,S0,1,return_home,motor3,2,182.15,182.35,0.2,834.145684,854.665203,29.0189828,834.39803,0.00852592989,0.0353291878,1.39611324,205.195195
long_live_01,S0,1,return_home,motor4,2,182.15,182.35,0.2,-1.87702662e-05,3.75405324e-05,2.6545165e-05,2.6545165e-05,0.00143937393,0.00876633219,6.92084775e-10,-0.000187702662
long_live_01,S0,1,return_home_between_layers,motor1,4,181.25,181.95,0.7,2.74757629,4.81723773,2.87795708,3.70960283,0.000213494019,0.00114984765,0.000353988588,1.8733379
long_live_01,S0,1,return_home_between_layers,motor2,4,181.25,181.95,0.7,561.218338,726.974794,148.545191,575.773635,0.0586647299,0.178239824,11.8086029,335.139716
long_live_01,S0,1,return_home_between_layers,motor3,4,181.25,181.95,0.7,862.365944,966.958317,70.7396659,864.539239,0.156661118,0.511667593,39.5814258,-175.182404
long_live_01,S0,1,return_home_between_layers,motor4,4,181.25,181.95,0.7,-0.000289815531,0.000719583008,0.000335460689,0.000410357707,0.000590086913,0.00226858165,1.17044129e-07,-3.04323983e-05
long_live_01,S0,10,cycle_complete,motor1,4,1852.1,1852.9,0.8,2.17469718,2.17469718,0,2.17469718,0,0,0,0
long_live_01,S0,10,cycle_complete,motor2,4,1852.1,1852.9,0.8,627.651907,627.651907,0,627.651907,8.8817842e-14,0,5.94631338e-11,0
long_live_01,S0,10,cycle_complete,motor3,4,1852.1,1852.9,0.8,854.443167,854.443167,0,854.443167,0,0,0,0
long_live_01,S0,10,cycle_complete,motor4,4,1852.1,1852.9,0.8,-1.89478272e-05,1.89478272e-05,0,1.89478272e-05,8.8817842e-14,2.51214793e-13,4.48774699e-19,0
long_live_01,S0,10,grip_contact,motor1,17,1669.75,1841.4,171.65,0.356155185,24.3559682,9.56667497,9.2878691,0.00381808358,0.00769839531,0.469554491,0.162200649
long_live_01,S0,10,grip_contact,motor2,17,1669.75,1841.4,171.65,2187.95669,3013.98688,472.278802,2235.41525,0.00146437257,0.00410191027,67.0735244,-6.29860635
long_live_01,S0,10,grip_contact,motor3,17,1669.75,1841.4,171.65,273.695984,471.08482,113.406686,294.981413,0.012000873,0.039804469,119.549804,-1.54587289
long_live_01,S0,10,grip_contact,motor4,17,1669.75,1841.4,171.65,1.1094874e-05,0.000233318623,8.26634397e-05,8.09591561e-05,0.000571975214,0.00166273787,2.16212743e-06,3.5036402e-07
long_live_01,S0,10,lift_before_pick,motor1,120,1665.5,1839.2,173.7,-6.37097451,1597.33852,523.45397,521.30728,1.46726462,0.913156776,31276.3727,-3.17558475
long_live_01,S0,10,lift_before_pick,motor2,120,1665.5,1839.2,173.7,1672.07106,4861.35746,1149.66779,2026.46076,0.795418541,0.656741981,50943.5991,0.606202176
long_live_01,S0,10,lift_before_pick,motor3,120,1665.5,1839.2,173.7,791.112532,1016.70412,100.81085,797.456692,0.820089667,0.648860651,20595.7005,0.21469829
long_live_01,S0,10,lift_before_pick,motor4,120,1665.5,1839.2,173.7,-0.000585159659,0.0383532085,0.0125967781,0.0125578225,0.00515994635,0.00927418835,0.00199322479,-0.000155355193
long_live_01,S0,10,lift_with_load,motor1,143,1670,1843.25,173.25,0.727554309,38.395246,9.77158974,9.76450619,0.0010494868,0.0020078025,0.297114609,0.218459024
long_live_01,S0,10,lift_with_load,motor2,143,1670,1843.25,173.25,1520.91461,3268.79217,745.389183,1692.60182,0.23651249,0.243524258,23418.3306,-15.0079971
long_live_01,S0,10,lift_with_load,motor3,143,1670,1843.25,173.25,659.871214,879.417979,131.190036,672.696432,0.973029202,1.0395532,39252.2055,0.895451925
long_live_01,S0,10,lift_with_load,motor4,143,1670,1843.25,173.25,-0.00015486083,0.00563270613,0.000727958483,0.000741754454,0.00199182663,0.00409893384,5.74224218e-05,9.45858776e-06
long_live_01,S0,10,move_to_pallet,motor1,165,1672.6,1845.05,172.45,-2.95412515,2017.68395,441.970891,440.639453,1.4953336,0.711848107,19207.6933,4.72758692
long_live_01,S0,10,move_to_pallet,motor2,165,1672.6,1845.05,172.45,1608.23008,3742.34593,906.023427,1844.53447,0.661534616,0.487662,31995.3206,-10.0465093
long_live_01,S0,10,move_to_pallet,motor3,165,1672.6,1845.05,172.45,793.676382,1037.88047,110.949704,801.34726,0.817282735,0.604728167,16446.9406,-0.117209997
long_live_01,S0,10,move_to_pallet,motor4,165,1672.6,1845.05,172.45,9.13629552e-05,0.054963578,0.0109469739,0.0109141333,0.0942462145,0.0648322536,0.0101782728,0.000162321447
long_live_01,S0,10,pallet_arrived,motor1,3,1664.85,1665.25,0.4,1.31599402,3.01407056,2.25346138,2.26213006,0.000305662707,0.00130626441,9.27140715e-05,2.09908532
long_live_01,S0,10,pallet_arrived,motor2,3,1664.85,1665.25,0.4,622.072963,634.53073,15.967246,622.209562,0.000295746968,0.000942426956,0.0394607601,-58.8549
long_live_01,S0,10,pallet_arrived,motor3,3,1664.85,1665.25,0.4,846.213115,856.729926,9.66263452,846.249893,0.00831942635,0.0203768482,2.7495004,-16.135385
long_live_01,S0,10,pallet_arrived,motor4,3,1664.85,1665.25,0.4,0.00223016972,0.00669050916,0.00386276726,0.00386276726,0.000259971002,0.00150252776,2.6948461e-07,0.0167262729
long_live_01,S0,10,pallet_outfeed,motor1,11,1849.25,1851.7,2.45,2.18284775,2.26309722,0.0266183765,2.18299529,3.3477332e-06,0.00125244883,1.88192911e-06,-0.036081649
long_live_01,S0,10,pallet_outfeed,motor2,11,1849.25,1851.7,2.45,627.589088,627.651907,0.207157958,627.589119,3.45637013e-05,0.00140792193,0.00538815849,0.280577959
long_live_01,S0,10,pallet_outfeed,motor3,11,1849.25,1851.7,2.45,854.445507,854.468571,0.00765022808,854.445507,5.91008042e-06,0.000597830863,0.00125405558,-0.0103689796
long_live_01,S0,10,pallet_outfeed,motor4,11,1849.25,1851.7,2.45,-1.93275104e-05,2.30297538e-05,1.22821661e-06,1.93629553e-05,7.77000908e-06,0.00262755284,4.4689263e-11,1.66609249e-06
long_live_01,S0,10,pallet_removed,motor1,1,1851.9,1851.9,0,2.17469718,2.17469718,0,2.17469718,0,0,0,0
long_live_01,S0,10,pallet_removed,motor2,1,1851.9,1851.9,0,627.651907,627.651907,0,627.651907,8.8817842e-14,0,0,0
long_live_01,S0,10,pallet_removed,motor3,1,1851.9,1851.9,0,854.443167,854.443167,0,854.443167,0,0,0,0
long_live_01,S0,10,pallet_removed,motor4,1,1851.9,1851.9,0,-1.89478272e-05,1.89478272e-05,0,1.89478272e-05,0,0,0,0
long_live_01,S0,10,pick,motor1,120,1668.15,1841.15,173,0.179250678,73.620395,14.3951863,14.3362015,0.00276595327,0.00284178656,0.771552435,0.0416233302
long_live_01,S0,10,pick,motor2,120,1668.15,1841.15,173,1574.44588,3046.448,704.602294,1723.71895,0.239964251,0.259502402,24272.5973,1.05953318
long_live_01,S0,10,pick,motor3,120,1668.15,1841.15,173,525.02472,784.950947,156.184388,547.577611,0.97190376,1.1437952,42308.3962,-2.30773115
long_live_01,S0,10,pick,motor4,120,1668.15,1841.15,173,-1.99656177e-05,0.00125554574,0.000274590389,0.000274171799,0.00184225986,0.00409992381,2.21118029e-05,1.79052682e-06
long_live_01,S0,10,place,motor1,178,1676.15,1847.65,171.5,-31.8050614,157.02639,45.0213748,55.0190776,0.00115374337,0.00211296058,1.08584649,0.415854085
long_live_01,S0,10,place,motor2,178,1676.15,1847.65,171.5,2457.95728,4648.74723,997.553481,2651.6177,0.261618211,0.26753129,15663.9843,-15.0388855
long_live_01,S0,10,place,motor3,178,1676.15,1847.65,171.5,730.742548,967.08564,132.059415,742.513559,0.249791438,0.300057821,4949.38341,2.2223492
long_live_01,S0,10,place,motor4,178,1676.15,1847.65,171.5,-2.54812011e-05,0.00108924003,0.000251380438,0.000251965085,0.00206376993,0.00403291758,1.94029182e-05,-1.09002614e-06
long_live_01,S0,10,return_home,motor1,2,1848.8,1849,0.2,-3.46615978,10.377902,9.77467959,7.73216943,0.0010418182,0.00399466659,0.00222133183,-69.1174222
long_live_01,S0,10,return_home,motor2,2,1848.8,1849,0.2,633.698801,642.379368,12.2761763,633.758252,0.0015488771,0.0112063673,0.347973131,86.805675
long_live_01,S0,10,return_home,motor3,2,1848.8,1849,0.2,871.344825,879.306644,11.2597124,871.381199,0.0101253553,0.0752347119,1.83661887,79.61819
long_live_01,S0,10,return_home,motor4,2,1848.8,1849,0.2,-0.000222511538,0.000445023076,0.000314678835,0.000314678835,0.00218640849,0.00871289067,1.94600446e-07,-0.00222511538
long_live_01,S0,10,return_home_between_layers,motor1,27,1711.55,1848.6,137.05,-1.05244069,46.7190665,14.7447241,14.5073227,0.000404420989,0.000817997681,0.133404286,0.282107405
long_live_01,S0,10,return_home_between_layers,motor2,27,1711.55,1848.6,137.05,1301.51925,3574.33578,1047.12311,1658.25489,0.480610542,0.471076876,28671.05,-18.3280078
long_live_01,S0,10,return_home_between_layers,motor3,27,1711.55,1848.6,137.05,771.76301,1016.32668,127.549948,781.846902,0.824818803,0.894044197,24325.8197,2.57879223
long_live_01,S0,10,return_home_between_layers,motor4,27,1711.55,1848.6,137.05,0.000179276024,0.00666055047,0.00137540307,0.00136154665,0.0027105615,0.0067105362,8.05746578e-05,6.23255719e-06
long_live_01,S0,10,unknown,motor1,20,1720.6,1809.7,89.1,-14.2774701,1710.34598,658.175865,641.66934,1.44591794,0.994792976,22995.4107,12.4981547
long_live_01,S0,10,unknown,motor2,20,1720.6,1809.7,89.1,2135.86318,3061.91996,816.503793,2279.31043,0.342725252,0.411120689,20173.4025,9.77479293
long_live_01,S0,10,unknown,motor3,20,1720.6,1809.7,89.1,715.746816,895.781354,123.839164,725.853178,0.615449251,0.820573546,13669.6458,-4.64750091
long_live_01,S0,10,unknown,motor4,20,1720.6,1809.7,89.1,-0.000304615068,0.0373392569,0.0145301409,0.0141655051,0.00627173031,0.00971301352,0.00267628737,0.000364025203
long_live_01,S0,11,cycle_complete,motor1,4,2041.7,2042.35,0.65,2.17420273,2.17420273,0,2.17420273,0,0,0,0
long_live_01,S0,11,cycle_complete,motor2,4,2041.7,2042.35,0.65,627.581709,627.581709,0,627.581709,8.8817842e-14,6.49477833e-13,3.62312945e-11,0
long_live_01,S0,11,cycle_complete,motor3,4,2041.7,2042.35,0.65,854.444,854.444,0,854.444,0,0,0,0
long_live_01,S0,11,cycle_complete,motor4,4,2041.7,2042.35,0.65,-1.89484755e-05,1.89484755e-05,0,1.89484755e-05,0,0,0,0
long_live_01,S0,11,grip_contact,motor1,15,1858.15,2030.8,172.65,-11.2497475,94.1248678,34.9610292,35.5997961,0.00381802079,0.00793603107,4.90167321,0.572342147
long_live_01,S0,11,grip_contact,motor2,15,1858.15,2030.8,172.65,2221.46553,3023.48707,495.637909,2272.48518,0.00146434381,0.0047542401,101.628979,-6.25334005
long_live_01,S0,11,grip_contact,motor3,15,1858.15,2030.8,172.65,285.639854,506.484872,122.647271,309.24045,0.0120008728,0.0267519279,77.6671021,-1.58653619
long_live_01,S0,11,grip_contact,motor4,15,1858.15,2030.8,172.65,6.32795436e-05,0.000410115561,0.000147190547,0.00015564389,0.000301692585,0.00218372833,2.21354662e-06,-1.48395623e-06
long_live_01,S0,11,lift_before_pick,motor1,123,1853.65,2028.6,174.95,-9.62509839,1597.33852,526.155496,524.100677,1.4672727,0.921305658,30986.3654,-0.0798675652
long_live_01,S0,11,lift_before_pick,motor2,123,1853.65,2028.6,174.95,1704.07873,4629.77964,1174.94323,2067.16047,0.740559577,0.716466352,53019.3824,0.200243058
long_live_01,S0,11,lift_before_pick,motor3,123,1853.65,2028.6,174.95,789.268329,1022.31255,102.819584,795.883416,0.820132224,0.6850487,19958.9253,0.0903451272
long_live_01,S0,11,lift_before_pick,motor4,123,1853.65,2028.6,174.95,-0.000484600388,0.0332736765,0.0121844207,0.0121444618,0.00515994661,0.010780388,0.00213894349,-6.34512299e-05
long_live_01,S0,11,lift_with_load,motor1,149,1858.35,2032.75,174.4,0.0992926278,36.9450103,10.1388808,10.1052882,0.00104948062,0.00193431978,0.284232236,0.136169086
long_live_01,S0,11,lift_with_load,motor2,149,1858.35,2032.75,174.4,1542.77663,3268.79984,761.737812,1719.45049,0.242661881,0.250152033,23495.6194,-13.9486314
long_live_01,S0,11,lift_with_load,motor3,149,1858.35,2032.75,174.4,659.09961,879.417999,134.51718,672.596257,0.97302796,1.05209328,38445.1783,2.01147366
long_live_01,S0,11,lift_with_load,motor4,149,1858.35,2032.75,174.4,1.30775433e-05,0.00563248184,0.000586691189,0.000584865336,0.00253021739,0.00350605565,4.69539863e-05,8.90361026e-07
long_live_01,S0,11,move_to_pallet,motor1,183,1861.1,2034.65,173.55,-12.4938525,2017.68393,481.541672,480.386679,1.49533399,0.793746287,23059.9975,4.61731445
long_live_01,S0,11,move_to_pallet,motor2,183,1861.1,2034.65,173.55,1650.79682,3865.11579,912.804096,1885.14943,0.659147962,0.489640812,32254.9926,-9.26425034
long_live_01,S0,11,move_to_pallet,motor3,183,1861.1,2034.65,173.55,793.020304,1019.15612,106.781919,800.138284,0.812723303,0.624376495,17912.165,0.105572279
long_live_01,S0,11,move_to_pallet,motor4,183,1861.1,2034.65,173.55,-6.8616232e-05,0.0549635725,0.0114022817,0.0113712923,0.094246243,0.0415478503,0.00643529927,0.000160521071
long_live_01,S0,11,pallet_arrived,motor1,2,1853.15,1853.45,0.3,5.62562256,8.12997774,3.54169305,6.15787497,0.000397272185,0.00119590478,0.00105946266,16.6957012
long_live_01,S0,11,pallet_arrived,motor2,2,1853.15,1853.45,0.3,631.487255,637.243143,8.14005417,631.513487,0.00172318551,0.0084041484,0.594721688,38.3725833
long_live_01,S0,11,pallet_arrived,motor3,2,1853.15,1853.45,0.3,845.650263,853.578344,11.2119997,845.687426,0.00459033151,0.0175820568,1.26620971,52.8538733
long_live_01,S0,11,pallet_arrived,motor4,2,1853.15,1853.45,0.3,-0.000144686805,0.000289373611,0.000204618043,0.000204618043,0.000384665894,0.00179143945,2.52306189e-08,0.000964578703
long_live_01,S0,11,pallet_outfeed,motor1,12,2038.8,2041.3,2.5,2.17659074,2.20271485,0.00822705587,2.17660499,2.20202843e-06,0.00120044991,1.10769774e-06,-0.011404848
long_live_01,S0,11,pallet_outfeed,motor2,12,2038.8,2041.3,2.5,627.553807,627.581709,0.096106494,627.553814,1.68302035e-05,0.00136802406,0.00243491373,0.1332308
long_live_01,S0,11,pallet_outfeed,motor3,12,2038.8,2041.3,2.5,854.448253,854.49481,0.0146619201,854.448253,1.09917696e-05,0.000566607556,0.00214431275,-0.020324
long_live_01,S0,11,pallet_outfeed,motor4,12,2038.8,2041.3,2.5,-1.93272534e-05,2.33917949e-05,1.28033184e-06,1.93660882e-05,8.39473691e-06,0.000994261288,4.5467381e-11,1.77732776e-06
long_live_01,S0,11,pallet_removed,motor1,1,2041.5,2041.5,0,2.17420273,2.17420273,0,2.17420273,0,0,0,0
long_live_01,S0,11,pallet_removed,motor2,1,2041.5,2041.5,0,627.581709,627.581709,0,627.581709,8.8817842e-14,4.4408921e-13,0,0
long_live_01,S0,11,pallet_removed,motor3,1,2041.5,2041.5,0,854.444,854.444,0,854.444,0,0,0,0
long_live_01,S0,11,pallet_removed,motor4,1,2041.5,2041.5,0,-1.89484755e-05,1.89484755e-05,0,1.89484755e-05,0,0,0,0
long_live_01,S0,11,pick,motor1,122,1869.25,2030.6,161.35,0.0842638639,73.6218978,14.2176311,14.1594929,0.00276595321,0.00324429217,1.0708861,0.055050767
long_live_01,S0,11,pick,motor2,122,1869.25,2030.6,161.35,1569.87175,3046.09056,707.013179,1720.54284,0.240078957,0.25226062,22550.8613,8.69993073
long_live_01,S0,11,pick,motor3,122,1869.25,2030.6,161.35,526.260301,784.95702,157.734327,549.204959,0.971904878,1.13114295,39141.8267,-2.75097905
long_live_01,S0,11,pick,motor4,122,1869.25,2030.6,161.35,-1.95555901e-05,0.00116126974,0.000278775558,0.000278318555,0.0018418768,0.00450500712,2.18226683e-05,7.84263403e-07
long_live_01,S0,11,place,motor1,177,1864.65,2037.4,172.75,-31.7435746,154.80647,44.8803612,54.8682187,0.00133616598,0.00182132771,0.987686177,0.448205438
long_live_01,S0,11,place,motor2,177,1864.65,2037.4,172.75,2468.60141,4648.71156,998.373632,2661.78727,0.26160798,0.285536385,14820.2869,-15.145925
long_live_01,S0,11,place,motor3,177,1864.65,2037.4,172.75,724.362708,967.974319,134.848696,736.737924,0.249810316,0.316719417,4949.58183,2.30593403
long_live_01,S0,11,place,motor4,177,1864.65,2037.4,172.75,2.63115067e-06,0.00114478247,0.000296956462,0.000296128103,0.00214637864,0.00400856151,2.48759839e-05,-1.8175127e-06
long_live_01,S0,11,return_home,motor1,1,2038.55,2038.55,0,-10.3770895,10.3770895,0,10.3770895,0.00104181984,0.00405519223,0,0
long_live_01,S0,11,return_home,motor2,1,2038.55,2038.55,0,642.379585,642.379585,0,642.379585,0.00120145771,0.0058994545,0,0
long_live_01,S0,11,return_home,motor3,1,2038.55,2038.55,0,879.306664,879.306664,0,879.306664,0.000501566278,0.0297975252,0,0
long_live_01,S0,11,return_home,motor4,1,2038.55,2038.55,0,-0.000445387475,0.000445387475,0,0.000445387475,0.000869411166,0.0032791877,0,0
long_live_01,S0,11,return_home_between_layers,motor1,24,1900.35,2038.3,137.95,-1.91432822,47.2560086,15.5853619,15.376839,0.000240454126,0.000772845719,0.0648994816,0.364371777
long_live_01,S0,11,return_home_between_layers,motor2,24,1900.35,2038.3,137.95,1253.81117,3556.18479,1032.80138,1610.67569,0.495783143,0.513383318,28355.6321,-19.1942225
long_live_01,S0,11,return_home_between_layers,motor3,24,1900.35,2038.3,137.95,767.33073,943.356812,117.537329,775.90969,0.818220259,0.994750411,23887.1843,2.28649273
long_live_01,S0,11,return_home_between_layers,motor4,24,1900.35,2038.3,137.95,5.54993706e-05,0.00359625981,0.000935827263,0.000917802985,0.00301053056,0.00989641738,8.40621425e-05,-1.55573273e-06
long_live_01,S0,11,unknown,motor1,7,1856.4,1857.9,1.5,-13.7940297,36.2115829,18.0868474,21.6950656,0.00059222635,0.00097158029,0.00790702472,-9.17807767
long_live_01,S0,11,unknown,motor2,7,1856.4,1857.9,1.5,2530.92026,3051.80235,576.400586,2586.5677,0.234792345,0.307831344,387.949275,788.76318
long_live_01,S0,11,unknown,motor3,7,1856.4,1857.9,1.5,599.203545,719.731146,95.8120713,605.733786,0.610932824,0.779185126,274.770488,-152.795864
long_live_01,S0,11,unknown,motor4,7,1856.4,1857.9,1.5,4.47442669e-06,0.000143929075,7.42209549e-05,6.8860775e-05,0.00114967651,0.00290239261,6.64936571e-08,-5.55437827e-05
long_live_01,S0,12,cycle_complete,motor1,8,2221.45,2221.45,0,0,0,0,0,3.08777892e-08,1.38679986e-07,0,0
long_live_01,S0,12,cycle_complete,motor2,8,2221.45,2221.45,0,0,0,0,0,2.04589474e-06,0,0,0
long_live_01,S0,12,cycle_complete,motor3,8,2221.45,2221.45,0,0,0,0,0,1.26125244e-06,0,0,0
long_live_01,S0,12,cycle_complete,motor4,8,2221.45,2221.45,0,0,0,0,0,3.27465175e-06,0,0,0
long_live_01,S0,12,grip_contact,motor1,9,2081.4,2204.4,123,-6.27247936,94.1253948,33.0470199,31.7821406,0.00381926304,0.00778178598,5.79263091,-0.00433105236
long_live_01,S0,12,grip_contact,motor2,9,2081.4,2204.4,123,2171.46122,3023.73838,480.686462,2218.24931,0.00225555156,0.00978700147,241.465899,-0.0903660976
long_live_01,S0,12,grip_contact,motor3,9,2081.4,2204.4,123,282.486022,506.555708,118.925456,303.924567,0.0352023848,0.093582791,318.198449,-0.00996204878
long_live_01,S0,12,grip_contact,motor4,9,2081.4,2204.4,123,5.78866667e-08,0.000149002735,9.80700038e-05,9.24613044e-05,0.000300483464,0.00168339032,6.07448621e-07,1.20457784e-06
long_live_01,S0,12,lift_before_pick,motor1,124,2043.2,2211.45,168.25,0.164017121,1552.31984,516.55997,514.472877,1.46727879,0.915348761,27366.8445,-1.45001568
long_live_01,S0,12,lift_before_pick,motor2,124,2043.2,2211.45,168.25,1699.09695,4923.89071,1155.25156,2052.01697,0.778084673,0.661641412,53828.7845,0.567352493
long_live_01,S0,12,lift_before_pick,motor3,124,2043.2,2211.45,168.25,796.001103,1012.99094,95.9877355,801.721335,0.820089621,0.64649822,19955.4241,0.331456695
long_live_01,S0,12,lift_before_pick,motor4,124,2043.2,2211.45,168.25,-9.13523406e-05,0.0343890755,0.0121746628,0.0121258162,0.00542077631,0.0095652716,0.00162885253,-9.69623632e-05
long_live_01,S0,12,lift_with_load,motor1,153,2047.7,2215.5,167.8,0.839807959,36.128426,9.22377852,9.23186339,0.00104948576,0.00231874318,0.308802081,0.141509794
long_live_01,S0,12,lift_with_load,motor2,153,2047.7,2215.5,167.8,1541.24676,3269.38369,747.008109,1711.67038,0.242641348,0.254348497,23178.5312,-14.3031046
long_live_01,S0,12,lift_with_load,motor3,153,2047.7,2215.5,167.8,654.312214,879.417973,137.768857,668.566135,0.972919195,1.070284,37725.8167,2.03304642
long_live_01,S0,12,lift_with_load,motor4,153,2047.7,2215.5,167.8,-5.93122531e-05,0.00297573138,0.000396620114,0.000399746551,0.00168324347,0.00366401274,3.25798843e-05,5.64561638e-06
long_live_01,S0,12,move_to_pallet,motor1,166,2050.4,2217.4,167,-7.03392295,2017.68424,422.697153,421.480743,1.48078358,0.671642151,16365.1765,3.27500304
long_live_01,S0,12,move_to_pallet,motor2,166,2050.4,2217.4,167,1600.08131,3788.99657,910.554699,1839.6672,0.646710239,0.495915219,31156.8922,-9.25283081
long_live_01,S0,12,move_to_pallet,motor3,166,2050.4,2217.4,167,795.131045,1039.57998,107.984799,802.386347,0.812633203,0.62273894,16289.3497,-0.00535164671
long_live_01,S0,12,move_to_pallet,motor4,166,2050.4,2217.4,167,0.000308693885,0.0549635807,0.00997914461,0.00995382939,0.06902373,0.0258688205,0.00586178991,0.000132803523
long_live_01,S0,12,pallet_arrived,motor1,3,2042.5,2042.95,0.45,5.565012,8.13052092,3.06272299,6.10105509,0.000515356161,0.00257977251,0.00146772316,13.2362626
long_live_01,S0,12,pallet_arrived,motor2,3,2042.5,2042.95,0.45,627.772346,637.236019,9.36980961,627.81896,0.00145835511,0.00744735963,0.375254368,21.4540222
long_live_01,S0,12,pallet_arrived,motor3,3,2042.5,2042.95,0.45,857.022997,863.046337,5.23427912,857.033653,0.00996239126,0.0375637539,2.03085971,-1.92299333
long_live_01,S0,12,pallet_arrived,motor4,3,2042.5,2042.95,0.45,0.000329898165,0.00100864297,0.000587886591,0.00058244304,0.00111847835,0.0026293408,2.53832698e-07,0.00228353655
long_live_01,S0,12,pallet_outfeed,motor1,13390,2221.25,2221.3,0.05,2.26243808,2.26244442,0.000733851161,2.2624382,2.20202452e-06,1.17322166e-06,2.49098634e-07,-1.6983542
long_live_01,S0,12,pallet_outfeed,motor2,13390,2221.25,2221.3,0.05,624.792924,624.839589,5.39980715,624.816256,0.000138453389,2.60915471e-05,0.00432555793,-12496.7918
long_live_01,S0,12,pallet_outfeed,motor3,13390,2221.25,2221.3,0.05,854.867928,854.931777,7.388243,854.899852,9.59465588e-05,1.63652369e-05,0.0041013881,-17098.6355
long_live_01,S0,12,pallet_outfeed,motor4,13390,2221.25,2221.3,0.05,-9.41063298e-05,9.41133584e-05,8.13319121e-07,9.4109844e-05,0.00014321385,2.41868376e-05,6.7391682e-10,0.00188226717
long_live_01,S0,12,pick,motor1,124,2046.05,2213.45,167.4,0.300840062,63.6219403,12.032084,11.987245,0.00276595191,0.00279975949,0.796589139,0.0430800146
long_live_01,S0,12,pick,motor2,124,2046.05,2213.45,167.4,1584.69977,3044.41922,696.587418,1729.91162,0.240079025,0.254373489,23609.6422,1.09568059
long_live_01,S0,12,pick,motor3,124,2046.05,2213.45,167.4,525.046023,795.101497,159.992728,548.693509,0.971710768,1.15041204,41174.7621,-2.38393955
long_live_01,S0,12,pick,motor4,124,2046.05,2213.45,167.4,6.33675374e-05,0.00116121112,0.000329460558,0.000334192081,0.00169108938,0.00432726256,3.0742085e-05,1.67944019e-06
long_live_01,S0,12,place,motor1,157,2054.1,2219.75,165.65,-32.0310955,159.800347,45.2891455,55.3537117,0.00143087132,0.00235273792,1.38649743,0.466669971
long_live_01,S0,12,place,motor2,157,2054.1,2219.75,165.65,2456.37872,4648.71149,1013.19873,2655.90464,0.263962769,0.303043571,17096.0097,-15.6116303
long_live_01,S0,12,place,motor3,157,2054.1,2219.75,165.65,728.474539,976.801704,137.709019,741.294907,0.249791075,0.338960797,5576.47184,2.33593831
long_live_01,S0,12,place,motor4,157,2054.1,2219.75,165.65,2.10339301e-05,0.00108335525,0.000294446433,0.000294259931,0.00208306809,0.00402998439,2.27168835e-05,-1.14363468e-06
long_live_01,S0,12,return_home,motor1,2,2220.8,2221.05,0.25,4.5100479,6.0059511,2.11552659,4.75165849,0.000464383488,0.00189405664,0.000718369538,-11.9672256
long_live_01,S0,12,return_home,motor2,2,2220.8,2221.05,0.25,624.079523,625.017765,1.32687527,624.080228,0.00196177484,0.0087261541,0.368401286,-7.50594
long_live_01,S0,12,return_home,motor3,2,2220.8,2221.05,0.25,846.287647,854.931777,12.2246459,846.331792,0.0101253418,0.0596230584,2.14086367,69.15304
long_live_01,S0,12,return_home,motor4,2,2220.8,2221.05,0.25,-0.000383921815,0.000673730271,0.000409851049,0.000481024845,0.00033257538,0.0024360172,5.93861093e-08,0.00231846765
long_live_01,S0,12,return_home_between_layers,motor1,26,2088.45,2220.55,132.1,-0.546507425,48.3573129,15.8762304,15.5775143,0.00105488727,0.00259107468,0.150536592,0.373381992
long_live_01,S0,12,return_home_between_layers,motor2,26,2088.45,2220.55,132.1,1238.41959,3556.25343,1021.52555,1592.81585,0.488132673,0.529266151,26084.3966,-19.7384808
long_live_01,S0,12,return_home_between_layers,motor3,26,2088.45,2220.55,132.1,775.338977,975.646929,118.009579,783.926759,0.818182835,0.998281883,22634.8119,2.16528457
long_live_01,S0,12,return_home_between_layers,motor4,26,2088.45,2220.55,132.1,8.01314036e-05,0.0039215749,0.000854193721,0.0008414301,0.00297699946,0.0087856672,5.19534151e-05,-9.9125539e-07
long_live_01,S0,12,unknown,motor1,22,2097.45,2139.35,41.9,-22.064743,1710.34868,701.067889,685.304532,1.44591808,1.09952213,12345.6679,12.740937
long_live_01,S0,12,unknown,motor2,22,2097.45,2139.35,41.9,2207.83185,3061.92263,751.140964,2326.60443,0.360393943,0.355385638,9481.29268,23.4261902
long_live_01,S0,12,unknown,motor3,22,2097.45,2139.35,41.9,706.953998,911.408795,124.904733,717.409229,0.61544925,0.733373585,6305.36547,-8.85791265
long_live_01,S0,12,unknown,motor4,22,2097.45,2139.35,41.9,-0.000496486535,0.0373392642,0.0159519203,0.0155930666,0.00539179714,0.0125221472,0.00153614361,0.000508253277
long_live_01,S0,2,cycle_complete,motor1,3,362.85,363.3,0.45,2.17469718,2.17469718,0,2.17469718,0,0,0,0
long_live_01,S0,2,cycle_complete,motor2,3,362.85,363.3,0.45,627.651907,627.651907,0,627.651907,0,0,0,0
long_live_01,S0,2,cycle_complete,motor3,3,362.85,363.3,0.45,854.443167,854.443167,0,854.443167,0,0,0,0
long_live_01,S0,2,cycle_complete,motor4,3,362.85,363.3,0.45,-1.89478271e-05,1.89478271e-05,0,1.89478271e-05,0,0,0,0
long_live_01,S0,2,grip_contact,motor1,5,189.55,344.9,155.35,-14.2838241,94.0059509,44.5853356,42.3592889,0.00381798798,0.00860742414,14.4470608,0.651652451
long_live_01,S0,2,grip_contact,motor2,5,189.55,344.9,155.35,2151.46835,3014.73719,482.588021,2194.34022,0.0014643349,0.00317748598,224.548812,-6.95300496
long_live_01,S0,2,grip_contact,motor3,5,189.55,344.9,155.35,262.360861,465.690464,114.625868,281.681545,0.0120014849,0.0390629989,159.907954,-1.6824838
long_live_01,S0,2,grip_contact,motor4,5,189.55,344.9,155.35,5.07787236e-06,0.000137596838,8.08277705e-05,7.24726678e-05,0.000219589131,0.00232234916,1.90987273e-06,2.14830518e-07
long_live_01,S0,2,lift_before_pick,motor1,114,185.25,351.7,166.45,1.68012339,1552.32428,516.13894,513.872933,1.47763459,0.929580639,27627.5289,-1.38270521
long_live_01,S0,2,lift_before_pick,motor2,114,185.25,351.7,166.45,1673.91292,4946.29722,1137.01744,2020.75547,0.795418541,0.676653224,51305.8207,-0.310400637
long_live_01,S0,2,lift_before_pick,motor3,114,185.25,351.7,166.45,792.596365,1031.32302,99.1841283,798.724105,0.8280835,0.660116142,19834.2781,0.0520633343
long_live_01,S0,2,lift_before_pick,motor4,114,185.25,351.7,166.45,-0.000479442748,0.0383529601,0.0125507028,0.0125047291,0.00563659757,0.0108500577,0.00179179787,-0.000131408968
long_live_01,S0,2,lift_with_load,motor1,143,189.8,355.9,166.1,1.14458962,38.5106765,9.23946595,9.27797604,0.00104948534,0.00241213935,0.276700128,0.24676176
long_live_01,S0,2,lift_with_load,motor2,143,189.8,355.9,166.1,1536.43934,3263.87137,744.352206,1706.11591,0.242746765,0.2442507,21915.0501,-15.3473451
long_live_01,S0,2,lift_with_load,motor3,143,189.8,355.9,166.1,648.046905,879.417823,146.953851,664.38634,0.973008796,1.05561701,36355.9159,1.31611694
long_live_01,S0,2,lift_with_load,motor4,143,189.8,355.9,166.1,-7.19000513e-05,0.002975733,0.000434012747,0.000438428363,0.00172946518,0.0037707477,3.72566069e-05,-5.170815e-06
long_live_01,S0,2,move_to_pallet,motor1,163,192.35,357.75,165.4,-2.78510054,2017.6836,430.900585,429.585799,1.4807838,0.670988282,17525.336,4.9281803
long_live_01,S0,2,move_to_pallet,motor2,163,192.35,357.75,165.4,1616.38493,3789.65684,923.448631,1860.16827,0.646709779,0.507295125,33065.6618,-9.61247548
long_live_01,S0,2,move_to_pallet,motor3,163,192.35,357.75,165.4,794.025177,1029.83598,109.679932,801.518476,0.817251834,0.629668785,16767.453,-0.160682878
long_live_01,S0,2,move_to_pallet,motor4,163,192.35,357.75,165.4,-0.000342880982,0.0421998847,0.00940573121,0.00938310183,0.0942462694,0.0404180642,0.00591112569,0.00016843784
long_live_01,S0,2,pallet_arrived,motor1,3,184.65,185.05,0.4,3.45351589,4.81880207,1.32406564,3.61877584,0.000645352206,0.0035397347,0.000817441226,6.60967437
long_live_01,S0,2,pallet_arrived,motor2,3,184.65,185.05,0.4,634.097483,637.360485,5.55326581,634.113694,0.00172321327,0.00771225133,0.324094949,23.9026025
long_live_01,S0,2,pallet_arrived,motor3,3,184.65,185.05,0.4,840.650297,854.442865,23.1446692,840.862676,0.00456632475,0.0195599658,0.818388112,-2.16159
long_live_01,S0,2,pallet_arrived,motor4,3,184.65,185.05,0.4,0.000225996086,0.00100689068,0.000691750215,0.000608347328,0.00111483872,0.00263935183,2.38757213e-07,0.00256459755
long_live_01,S0,2,pallet_outfeed,motor1,7,361.25,362.6,1.35,2.29611185,3.01414475,0.316646433,2.31475074,9.91437874e-05,0.00105389911,6.7435752e-05,-0.621813015
long_live_01,S0,2,pallet_outfeed,motor2,7,361.25,362.6,1.35,626.834874,627.651907,2.14865104,626.83803,0.000815448557,0.00307435608,0.114711651,4.21455852
long_live_01,S0,2,pallet_outfeed,motor3,7,361.25,362.6,1.35,854.538101,855.10479,0.249888758,854.538132,0.000149946102,0.0126688129,0.0289826625,-0.490091111
long_live_01,S0,2,pallet_outfeed,motor4,7,361.25,362.6,1.35,-2.88557139e-05,8.76702308e-05,2.59357786e-05,3.75396043e-05,0.000131896793,0.00171863155,2.60706197e-09,5.09054842e-05
long_live_01,S0,2,pick,motor1,130,187.9,353.8,165.9,-1.24795034,73.6203798,15.2787553,15.2709545,0.00276595182,0.00258574139,0.834144946,0.0586114321
long_live_01,S0,2,pick,motor2,130,187.9,353.8,165.9,1617.67247,3051.77759,728.521531,1772.99893,0.239964133,0.256122617,22995.4296,0.214533755
long_live_01,S0,2,pick,motor3,130,187.9,353.8,165.9,532.387695,832.186772,161.989496,556.305136,0.971768776,1.12031446,38798.8947,-2.9906103
long_live_01,S0,2,pick,motor4,130,187.9,353.8,165.9,-1.24236124e-05,0.00116121063,0.00030416702,0.000303249483,0.00184236618,0.00408954395,2.33113691e-05,-8.10270001e-07
long_live_01,S0,2,place,motor1,146,196.1,359.75,163.65,-31.7531265,159.813751,45.070508,55.0063485,0.00127887663,0.00165665472,0.995447798,0.453667113
long_live_01,S0,2,place,motor2,146,196.1,359.75,163.65,2476.65174,4648.75132,1005.72073,2671.7691,0.24228626,0.280803008,16434.828,-16.7727891
long_live_01,S0,2,place,motor3,146,196.1,359.75,163.65,729.014623,972.408079,136.151236,741.533892,0.249809152,0.331629999,5597.25652,2.26665666
long_live_01,S0,2,place,motor4,146,196.1,359.75,163.65,8.03520231e-06,0.00108335525,0.000292097235,0.000291206062,0.00206391247,0.00447836111,2.22704897e-05,5.17447375e-06
long_live_01,S0,2,return_home,motor1,1,361,361,0,3.34660029,3.34660029,0,3.34660029,0.000586930529,0.00342935651,0,0
long_live_01,S0,2,return_home,motor2,1,361,361,0,638.395888,638.395888,0,638.395888,0.000947155099,0.0133332288,0,0
long_live_01,S0,2,return_home,motor3,1,361,361,0,856.751516,856.751516,0,856.751516,0.00852750074,0.0404998882,0,0
long_live_01,S0,2,return_home,motor4,1,361,361,0,0,0,0,0,0.000993065357,0.00656077101,0,0
long_live_01,S0,2,return_home_between_layers,motor1,24,229.85,360.8,130.95,-1.47461069,46.0247378,15.5878189,15.3307013,0.000400947233,0.000845977241,0.1379164,0.316295738
long_live_01,S0,2,return_home_between_layers,motor2,24,229.85,360.8,130.95,1212.33241,3534.60434,1049.28892,1588.98767,0.480540987,0.438554724,24980.2947,-19.4100535
long_live_01,S0,2,return_home_between_layers,motor3,24,229.85,360.8,130.95,779.041408,1016.32662,120.40917,787.908488,0.824853617,0.8764647,22135.7567,2.68256976
long_live_01,S0,2,return_home_between_layers,motor4,24,229.85,360.8,130.95,0.00026234665,0.00373278507,0.00109517755,0.00110375,0.00270624636,0.00678350501,6.03655211e-05,-8.15377428e-07
long_live_01,S0,2,unknown,motor1,13,283.4,286.2,2.8,34.858464,2017.49694,991.429475,953.172246,1.49534717,1.41282916,1368.34196,117.656397
long_live_01,S0,2,unknown,motor2,13,283.4,286.2,2.8,1850.60204,2944.73674,713.862543,1973.60777,0.217576888,0.301433804,450.515851,42.8121214
long_live_01,S0,2,unknown,motor3,13,283.4,286.2,2.8,804.358639,982.306975,87.2881229,808.718705,0.382569821,0.542524653,343.91227,-12.6634589
long_live_01,S0,2,unknown,motor4,13,283.4,286.2,2.8,0.00116915177,0.034028831,0.0184789199,0.0177924264,0.00627172602,0.0182531589,0.000158815277,0.00821683435
long_live_01,S0,3,cycle_complete,motor1,3,544.4,544.9,0.5,2.17469718,2.17469718,0,2.17469718,0,0,0,0
long_live_01,S0,3,cycle_complete,motor2,3,544.4,544.9,0.5,627.651907,627.651907,0,627.651907,0,0,0,0
long_live_01,S0,3,cycle_complete,motor3,3,544.4,544.9,0.5,854.443167,854.443167,0,854.443167,0,0,0,0
long_live_01,S0,3,cycle_complete,motor4,3,544.4,544.9,0.5,-1.89478272e-05,1.89478272e-05,0,1.89478272e-05,8.8817842e-14,0,1.26217884e-18,0
long_live_01,S0,3,grip_contact,motor1,7,380.85,533.55,152.7,-8.39969352,93.9997232,37.7709405,35.9637667,0.00381802142,0.0103729924,9.42749073,0.00258339869
long_live_01,S0,3,grip_contact,motor2,7,380.85,533.55,152.7,2089.4195,3014.73372,408.027204,2123.29374,0.00059956226,0.00307404704,105.162941,-0.000568827767
long_live_01,S0,3,grip_contact,motor3,7,380.85,533.55,152.7,244.42443,466.735071,98.9204585,261.018515,0.0120039976,0.040622139,112.116117,-0.0437752718
long_live_01,S0,3,grip_contact,motor4,7,380.85,533.55,152.7,4.30286827e-05,0.000529119628,0.000221933717,0.000209927784,0.000221083957,0.00347973953,2.98424884e-06,9.79980537e-07
long_live_01,S0,3,lift_before_pick,motor1,118,364.25,531.35,167.1,-18.7154145,1597.70044,549.961446,547.945854,1.47763462,0.953994126,30992.7719,-3.38779884
long_live_01,S0,3,lift_before_pick,motor2,118,364.25,531.35,167.1,1699.7764,4946.29717,1144.63692,2046.54102,0.79248151,0.662419428,51975.3425,0.667875362
long_live_01,S0,3,lift_before_pick,motor3,118,364.25,531.35,167.1,795.41431,1031.3369,101.286228,801.782941,0.788276184,0.658910615,20176.5036,0.552482657
long_live_01,S0,3,lift_before_pick,motor4,118,364.25,531.35,167.1,-0.000768530884,0.0383534575,0.0127204983,0.0126897769,0.00542007835,0.01061498,0.00199012288,-0.000155068151
long_live_01,S0,3,lift_with_load,motor1,147,368.5,535.5,167,1.00834984,36.981156,8.94662474,8.97297941,0.0010494797,0.00223369903,0.254257201,0.043582335
long_live_01,S0,3,lift_with_load,motor2,147,368.5,535.5,167,1569.89622,3269.07628,746.933675,1737.43741,0.242716453,0.244204778,22241.8051,-14.3712195
long_live_01,S0,3,lift_with_load,motor3,147,368.5,535.5,167,652.067574,879.417848,141.694551,667.182799,0.973008874,1.03747431,35808.614,2.09837043
long_live_01,S0,3,lift_with_load,motor4,147,368.5,535.5,167,-6.08367304e-05,0.00563248303,0.000610694803,0.000611647111,0.00168324825,0.0036629757,4.28371306e-05,5.73979842e-06
long_live_01,S0,3,move_to_pallet,motor1,161,383.05,537.5,154.45,-2.92643472,2017.68327,418.558453,417.266819,1.48078389,0.661486191,15061.2068,-0.0247063779
long_live_01,S0,3,move_to_pallet,motor2,161,383.05,537.5,154.45,1593.33948,3789.49569,899.490103,1828.32923,0.646606808,0.507301657,28879.3375,1.15211573
long_live_01,S0,3,move_to_pallet,motor3,161,383.05,537.5,154.45,802.867108,1039.59308,102.585806,809.354109,0.797236821,0.63613802,15380.8419,-0.00996536743
long_live_01,S0,3,move_to_pallet,motor4,161,383.05,537.5,154.45,3.57349243e-05,0.0373393104,0.00939842224,0.00936925728,0.0942462694,0.0467273085,0.00445104177,-4.18655542e-06
long_live_01,S0,3,pallet_arrived,motor1,3,363.55,364,0.45,1.30806234,3.01410415,2.26718986,2.26667017,0.000646954214,0.00254097803,0.000251301946,1.86534882
long_live_01,S0,3,pallet_arrived,motor2,3,363.55,364,0.45,626.567495,634.336421,8.36402226,626.604711,0.000836091498,0.00451374745,0.232678384,-22.0838867
long_live_01,S0,3,pallet_arrived,motor3,3,363.55,364,0.45,841.480085,856.137503,23.9350513,841.706991,0.00852501488,0.0257373674,2.57474247,3.76519111
long_live_01,S0,3,pallet_arrived,motor4,3,363.55,364,0.45,0.00222398345,0.00667195035,0.00385205233,0.00385205233,0.000929717578,0.0026440598,1.39568164e-06,0.0148265563
long_live_01,S0,3,pallet_outfeed,motor1,12,541.45,543.95,2.5,2.19713475,2.44269593,0.0773325504,2.19838192,9.67889129e-06,0.000574195369,5.39712397e-06,-0.1071995
long_live_01,S0,3,pallet_outfeed,motor2,12,541.45,543.95,2.5,627.486492,627.651907,0.569818345,627.486729,9.91316784e-05,0.000132221273,0.0141694572,0.7899232
long_live_01,S0,3,pallet_outfeed,motor3,12,541.45,543.95,2.5,854.461726,854.665539,0.0641846511,854.461728,5.10730638e-05,0.0081566546,0.00993600046,-0.0889488
long_live_01,S0,3,pallet_outfeed,motor4,12,541.45,543.95,2.5,-1.98272039e-05,2.94062588e-05,3.01674025e-06,2.00364753e-05,5.13288941e-05,0.00100669469,3.43815781e-10,4.18337264e-06
long_live_01,S0,3,pallet_removed,motor1,1,544.15,544.15,0,2.17469718,2.17469718,0,2.17469718,0,0,0,0
long_live_01,S0,3,pallet_removed,motor2,1,544.15,544.15,0,627.651907,627.651907,0,627.651907,0,0,0,0
long_live_01,S0,3,pallet_removed,motor3,1,544.15,544.15,0,854.443167,854.443167,0,854.443167,0,0,0,0
long_live_01,S0,3,pallet_removed,motor4,1,544.15,544.15,0,-1.89478272e-05,1.89478272e-05,0,1.89478272e-05,8.8817842e-14,0,0,0
long_live_01,S0,3,pick,motor1,121,366.9,533.35,166.45,-0.213564877,73.620395,13.9370931,13.8810253,0.0027659532,0.00284322821,0.634997221,0.0432612561
long_live_01,S0,3,pick,motor2,121,366.9,533.35,166.45,1573.3309,3051.82614,715.199243,1727.03582,0.239964251,0.24675668,23113.7565,1.05703569
long_live_01,S0,3,pick,motor3,121,366.9,533.35,166.45,527.736688,832.177284,161.835974,551.797464,0.971856579,1.11872118,39394.1269,-2.44531223
long_live_01,S0,3,pick,motor4,121,366.9,533.35,166.45,-2.08084838e-05,0.00116121845,0.000334656162,0.000333919396,0.00184002648,0.00402791957,2.7042744e-05,-5.64349101e-07
long_live_01,S0,3,place,motor1,153,374.65,539.8,165.15,-30.9170177,157.806687,45.0306484,54.5010821,0.00127886741,0.00198596289,1.19606993,0.378319605
long_live_01,S0,3,place,motor2,153,374.65,539.8,165.15,2458.13157,4420.68389,998.302238,2651.88695,0.263962086,0.288709376,16715.6857,-18.0479042
long_live_01,S0,3,place,motor3,153,374.65,539.8,165.15,729.649188,972.018785,133.567053,741.695013,0.244236154,0.346437647,5841.1456,1.95491347
long_live_01,S0,3,place,motor4,153,374.65,539.8,165.15,-3.6963263e-05,0.000878754282,0.000263777997,0.00026550019,0.00182386094,0.00349713453,1.67127914e-05,6.82622186e-07
long_live_01,S0,3,return_home,motor1,1,541.15,541.15,0,-0.940711456,0.940711456,0,0.940711456,0.000586930512,0.00393709788,0,0
long_live_01,S0,3,return_home,motor2,1,541.15,541.15,0,635.459224,635.459224,0,635.459224,2.93094844e-05,0.00676072427,0,0
long_live_01,S0,3,return_home,motor3,1,541.15,541.15,0,856.751519,856.751519,0,856.751519,0.00852749631,0.0323998935,0,0
long_live_01,S0,3,return_home,motor4,1,541.15,541.15,0,0.00114207705,0.00114207705,0,0.00114207705,0.000993056683,0.00710685589,0,0
long_live_01,S0,3,return_home_between_layers,motor1,23,408.5,540.9,132.4,-2.35349658,48.4333719,15.8387091,15.6683276,0.00105490255,0.00121878496,0.12345273,0.427142457
long_live_01,S0,3,return_home_between_layers,motor2,23,408.5,540.9,132.4,1300.92147,3569.81006,1044.94372,1654.33667,0.495721861,0.446120768,30877.9942,-19.82807
long_live_01,S0,3,return_home_between_layers,motor3,23,408.5,540.9,132.4,784.457284,1016.33551,121.024134,793.336783,0.818274342,0.91024694,25399.6964,2.13581854
long_live_01,S0,3,return_home_between_layers,motor4,23,408.5,540.9,132.4,0.000348237403,0.00665140952,0.00142631375,0.00143777234,0.00279575595,0.006585357,7.76359234e-05,-1.09662949e-06
long_live_01,S0,3,unknown,motor1,20,371.15,502.65,131.5,-19.1875696,1569.7011,631.103243,615.422539,1.38384012,1.05424256,33028.4167,3.85380699
long_live_01,S0,3,unknown,motor2,20,371.15,502.65,131.5,2274.10901,3487.30038,856.889534,2422.62636,0.458724897,0.403759761,37481.1143,7.46809224
long_live_01,S0,3,unknown,motor3,20,371.15,502.65,131.5,671.283011,862.599328,122.380348,681.798345,0.798475156,0.778934338,22364.9718,-2.97732507
long_live_01,S0,3,unknown,motor4,20,371.15,502.65,131.5,-0.00105136163,0.038207314,0.0143915622,0.0140665053,0.0293995794,0.0285638694,0.00681551252,0.000205129694
long_live_01,S0,4,cycle_complete,motor1,4,731.3,731.9,0.6,2.17493232,2.17493232,0,2.17493232,0,0,0,0
long_live_01,S0,4,cycle_complete,motor2,4,731.3,731.9,0.6,627.685462,627.685462,0,627.685462,8.8817842e-14,0,4.45997346e-11,0
long_live_01,S0,4,cycle_complete,motor3,4,731.3,731.9,0.6,854.442865,854.442865,0,854.442865,0,0,0,0
long_live_01,S0,4,cycle_complete,motor4,4,731.3,731.9,0.6,-1.89483394e-05,1.89483394e-05,0,1.89483394e-05,0,0,0,0
long_live_01,S0,4,grip_contact,motor1,15,563.2,720.45,157.25,-6.8956249,94.0220973,26.6701104,26.6725473,0.00381808043,0.00696952481,4.31407552,0.00794265997
long_live_01,S0,4,grip_contact,motor2,15,563.2,720.45,157.25,2149.92911,3023.46859,448.807541,2193.21564,0.00146438185,0.00564441668,84.1585984,0.00476686804
long_live_01,S0,4,grip_contact,motor3,15,563.2,720.45,157.25,264.956697,537.689045,119.463138,289.001839,0.0344157608,0.0491665307,264.458893,-0.260993539
long_live_01,S0,4,grip_contact,motor4,15,563.2,720.45,157.25,1.3067054e-05,0.000100054796,4.71556366e-05,4.73936532e-05,0.000478237121,0.00124296684,5.18732569e-07,6.28528304e-07
long_live_01,S0,4,lift_before_pick,motor1,119,545.8,718.3,172.5,-22.6493282,1597.49723,569.594946,567.648678,1.46725158,0.946314444,33278.4286,-0.577535761
long_live_01,S0,4,lift_before_pick,motor2,119,545.8,718.3,172.5,1665.10052,4601.82737,1126.87436,2007.91797,0.778087993,0.639063349,50031.1854,0.372279536
long_live_01,S0,4,lift_before_pick,motor3,119,545.8,718.3,172.5,790.663757,1031.3369,101.564339,797.105895,0.788276186,0.655224197,20356.9378,0.0609331652
long_live_01,S0,4,lift_before_pick,motor4,119,545.8,718.3,172.5,-0.000606845808,0.034390576,0.0127164511,0.0126774405,0.00516481459,0.0102246189,0.0022338055,-9.47263528e-05
long_live_01,S0,4,lift_with_load,motor1,143,550.45,722.5,172.05,1.67425702,36.1011972,8.50298159,8.63702687,0.00104948058,0.00138866602,0.246294217,0.237850346
long_live_01,S0,4,lift_with_load,motor2,143,550.45,722.5,172.05,1503.99928,3268.79217,724.739011,1668.40865,0.242603329,0.2352734,22697.8211,-15.3614425
long_live_01,S0,4,lift_with_load,motor3,143,550.45,722.5,172.05,661.770932,879.417979,135.888625,675.483052,0.973028042,1.05493869,37784.1846,1.13024584
long_live_01,S0,4,lift_with_load,motor4,143,550.45,722.5,172.05,-4.86174791e-05,0.00563270479,0.000642563151,0.00064215554,0.00252848639,0.00462887839,5.40088e-05,2.93443193e-06
long_live_01,S0,4,move_to_pallet,motor1,158,553,724.35,171.35,-4.59223932,1735.71842,417.769892,416.471056,1.47860209,0.686777833,17664.968,1.94201287
long_live_01,S0,4,move_to_pallet,motor2,158,553,724.35,171.35,1616.35752,3788.85313,906.374106,1851.736,0.646606808,0.511469613,33754.096,-9.01793256
long_live_01,S0,4,move_to_pallet,motor3,158,553,724.35,171.35,795.983882,1037.88047,109.535979,803.437947,0.796409138,0.645047811,18148.5016,-0.0629104465
long_live_01,S0,4,move_to_pallet,motor4,158,553,724.35,171.35,-0.000435906119,0.0421998855,0.00988053936,0.00985886363,0.0690237369,0.0372658622,0.00206350699,9.44906122e-05
long_live_01,S0,4,pallet_arrived,motor1,3,545.15,545.55,0.4,-1.75468302,10.5600147,7.64031405,6.48036869,0.00104168006,0.00329795703,0.00226037707,-31.8367797
long_live_01,S0,4,pallet_arrived,motor2,3,545.15,545.55,0.4,631.241237,642.404263,9.87059587,631.292683,0.00120190808,0.00425396242,0.185642428,36.88089
long_live_01,S0,4,pallet_arrived,motor3,3,545.15,545.55,0.4,865.544818,879.307769,12.644129,865.606385,0.00687486882,0.0291080644,1.27462355,62.161505
long_live_01,S0,4,pallet_arrived,motor4,3,545.15,545.55,0.4,-6.3159424e-06,1.89478272e-05,1.09395331e-05,1.09395331e-05,0.000384665817,0.00106422045,3.36581024e-19,4.7369568e-05
long_live_01,S0,4,pallet_outfeed,motor1,12,728.3,730.85,2.55,2.18260331,2.26337338,0.025457065,2.1827394,9.68266534e-06,0.000328294243,5.15090212e-06,-0.0346827686
long_live_01,S0,4,pallet_outfeed,motor2,12,728.3,730.85,2.55,627.518445,627.685462,0.569402797,627.518682,9.91371368e-05,0.000162317876,0.0145942308,0.774477647
long_live_01,S0,4,pallet_outfeed,motor3,12,728.3,730.85,2.55,854.449197,854.517869,0.0216278001,854.449198,1.73824363e-05,0.00958620435,0.00357897348,-0.0294133333
long_live_01,S0,4,pallet_outfeed,motor4,12,728.3,730.85,2.55,-2.05117512e-05,3.75405302e-05,5.36288975e-06,2.11446402e-05,3.58615926e-05,0.00170422757,3.13514363e-10,7.29105522e-06
long_live_01,S0,4,pallet_removed,motor1,1,731.05,731.05,0,2.17493232,2.17493232,0,2.17493232,0,0,0,0
long_live_01,S0,4,pallet_removed,motor2,1,731.05,731.05,0,627.685462,627.685462,0,627.685462,8.8817842e-14,0,0,0
long_live_01,S0,4,pallet_removed,motor3,1,731.05,731.05,0,854.442865,854.442865,0,854.442865,0,0,0,0
long_live_01,S0,4,pallet_removed,motor4,1,731.05,731.05,0,-1.89483394e-05,1.89483394e-05,0,1.89483394e-05,0,0,0,0
long_live_01,S0,4,pick,motor1,128,548.7,720.2,171.5,-1.55414499,94.1253948,17.055888,17.0600704,0.00276595445,0.00303112916,0.885021872,-0.147188106
long_live_01,S0,4,pick,motor2,128,548.7,720.2,171.5,1655.08644,3051.871,742.846143,1812.95902,0.240078924,0.257704606,24996.4518,1.02659638
long_live_01,S0,4,pick,motor3,128,548.7,720.2,171.5,524.377937,795.286507,159.161408,547.819921,0.971951824,1.10241985,40062.7843,-2.37233943
long_live_01,S0,4,pick,motor4,128,548.7,720.2,171.5,1.00879704e-06,0.00116124634,0.000307722544,0.000306519806,0.00184236605,0.00445952747,2.47331195e-05,-5.53633036e-07
long_live_01,S0,4,place,motor1,170,556.65,726.8,170.15,-33.0398985,154.042729,46.1684809,56.6623783,0.00133616598,0.0015107573,1.01145442,0.3728512
long_live_01,S0,4,place,motor2,170,556.65,726.8,170.15,2483.77689,4648.71157,1009.72464,2680.05488,0.261607982,0.274014988,15917.5516,-16.8744863
long_live_01,S0,4,place,motor3,170,556.65,726.8,170.15,723.360451,977.943953,135.82156,735.927526,0.246529956,0.3055845,5190.17464,2.31641751
long_live_01,S0,4,place,motor4,170,556.65,726.8,170.15,-1.73905428e-05,0.00113766438,0.000305282503,0.000304879677,0.00228660192,0.0036732987,2.31354568e-05,-3.30564925e-07
long_live_01,S0,4,return_home,motor1,1,728.05,728.05,0,-0.88533602,0.88533602,0,0.88533602,0.000274378059,0.00335861012,0,0
long_live_01,S0,4,return_home,motor2,1,728.05,728.05,0,633.811944,633.811944,0,633.811944,2.94792542e-05,0.00845005706,0,0
long_live_01,S0,4,return_home,motor3,1,728.05,728.05,0,856.735651,856.735651,0,856.735651,0.00831925267,0.0254377521,0,0
long_live_01,S0,4,return_home,motor4,1,728.05,728.05,0,0.000933113134,0.000933113134,0,0.000933113134,0.00143937389,0.0097496679,0,0
long_live_01,S0,4,return_home_between_layers,motor1,26,592,727.85,135.85,0.654688171,46.016897,13.3244299,13.0820706,0.00105063557,0.00115619908,0.118720848,0.374193119
long_live_01,S0,4,return_home_between_layers,motor2,26,592,727.85,135.85,1245.28216,3574.33641,1008.5089,1590.18836,0.470172741,0.446836036,31705.9861,-21.0242341
long_live_01,S0,4,return_home_between_layers,motor3,26,592,727.85,135.85,788.660927,975.646932,113.196092,796.43367,0.800560552,0.869762875,25708.4856,1.4027312
long_live_01,S0,4,return_home_between_layers,motor4,26,592,727.85,135.85,0.000253071105,0.00663936597,0.00134320246,0.00134121057,0.00279816783,0.00978895184,6.34400141e-05,-3.45867106e-07
long_live_01,S0,4,unknown,motor1,13,600.95,604.05,3.1,15.7018604,1710.34841,802.288457,770.973727,1.44591805,1.33081824,1368.60814,255.974931
long_live_01,S0,4,unknown,motor2,13,600.95,604.05,3.1,2082.35502,3061.92234,839.835844,2233.21986,0.356759401,0.386198464,799.278862,229.845916
long_live_01,S0,4,unknown,motor3,13,600.95,604.05,3.1,771.016787,933.159451,90.21715,775.873658,0.611700515,0.734429566,496.311616,-61.4749529
long_live_01,S0,4,unknown,motor4,13,600.95,604.05,3.1,-0.000617599491,0.0373392625,0.0200283757,0.0192525494,0.00366038079,0.00514509758,0.000130587703,0.0104531182
long_live_01,S0,5,cycle_complete,motor1,4,917.8,918.55,0.75,2.17469718,2.17469718,0,2.17469718,0,0,0,0
long_live_01,S0,5,cycle_complete,motor2,4,917.8,918.55,0.75,627.651907,627.651907,0,627.651907,8.8817842e-14,4.69979844e-13,4.18100159e-11,0
long_live_01,S0,5,cycle_complete,motor3,4,917.8,918.55,0.75,854.443167,854.443167,0,854.443167,0,0,0,0
long_live_01,S0,5,cycle_complete,motor4,4,917.8,918.55,0.75,-1.89478271e-05,1.89478271e-05,0,1.89478271e-05,0,0,0,0
long_live_01,S0,5,grip_contact,motor1,11,737.25,907.05,169.8,-11.8283192,94.0218313,30.8514163,31.7047449,0.00381808106,0.00583804446,6.46903762,0.215285896
long_live_01,S0,5,grip_contact,motor2,11,737.25,907.05,169.8,2328.69834,3023.48707,547.237735,2386.43681,0.000599581128,0.00468302309,150.670321,-6.39439929
long_live_01,S0,5,grip_contact,motor3,11,737.25,907.05,169.8,307.113422,506.484872,137.191594,333.810034,0.0120001988,0.0348512179,211.514969,-1.58990064
long_live_01,S0,5,grip_contact,motor4,11,737.25,907.05,169.8,2.91501515e-05,0.00025389888,0.000128528564,0.000125966433,0.000478160832,0.00227902493,4.07895486e-06,9.9967634e-07
long_live_01,S0,5,lift_before_pick,motor1,119,732.6,904.95,172.35,-2.22635105,1552.66875,529.194116,526.970623,1.4776214,0.91802229,28662.11,-0.148939584
long_live_01,S0,5,lift_before_pick,motor2,119,732.6,904.95,172.35,1684.7486,4923.89799,1153.63269,2039.13277,0.792481535,0.669625669,54645.3964,-0.331160313
long_live_01,S0,5,lift_before_pick,motor3,119,732.6,904.95,172.35,794.506717,1031.77004,98.6405286,800.555502,0.806245275,0.658852434,20433.9718,0.134752214
long_live_01,S0,5,lift_before_pick,motor4,119,732.6,904.95,172.35,-3.04419557e-05,0.0383532155,0.0122590147,0.0122074356,0.00563659742,0.00991252783,0.00152193114,-3.36119621e-05
long_live_01,S0,5,lift_with_load,motor1,144,737.45,909.15,171.7,1.06987405,38.3962836,9.31120979,9.34029895,0.00166730352,0.00191692937,0.304551336,0.233807747
long_live_01,S0,5,lift_with_load,motor2,144,737.45,909.15,171.7,1540.92591,3269.23396,733.782504,1705.62314,0.242719716,0.241306479,22612.6374,-15.0032046
long_live_01,S0,5,lift_with_load,motor3,144,737.45,909.15,171.7,658.427837,879.41786,139.877967,673.020942,0.972927498,1.03031063,37621.6008,1.13590401
long_live_01,S0,5,lift_with_load,motor4,144,737.45,909.15,171.7,-0.000127673535,0.0111529516,0.00112143247,0.00112480128,0.00252087403,0.00427456959,7.61824132e-05,3.01519352e-06
long_live_01,S0,5,move_to_pallet,motor1,170,740,911.1,171.1,9.41165859,1735.71842,468.868037,467.581709,1.4953336,0.763499222,21613.291,3.18246075
long_live_01,S0,5,move_to_pallet,motor2,170,740,911.1,171.1,1626.78717,3797.51499,914.019256,1864.65905,0.614706811,0.480207041,32844.8087,-9.49853963
long_live_01,S0,5,move_to_pallet,motor3,170,740,911.1,171.1,790.86321,1019.17619,106.618187,797.975681,0.817251834,0.644435287,17684.8179,-0.16814533
long_live_01,S0,5,move_to_pallet,motor4,170,740,911.1,171.1,0.000532168372,0.054963578,0.0126410744,0.0126150697,0.0942462145,0.0627591289,0.0101717558,0.000178602676
long_live_01,S0,5,pallet_arrived,motor1,2,732.15,732.4,0.25,-4.18413284,10.543198,8.99307619,7.61214013,0.000304616271,0.000861584921,0.000802907415,-50.8725213
long_live_01,S0,5,pallet_arrived,motor2,2,732.15,732.4,0.25,633.076489,642.40803,13.1967918,633.145259,0.0012019604,0.00415501379,0.231439544,74.652328
long_live_01,S0,5,pallet_arrived,motor3,2,732.15,732.4,0.25,882.705332,886.102776,4.80471209,882.71187,0.00323191735,0.0119669423,0.826176039,-27.179556
long_live_01,S0,5,pallet_arrived,motor4,2,732.15,732.4,0.25,0,0,0,0,0.000441988717,0.00105905172,0,0
long_live_01,S0,5,pallet_outfeed,motor1,11,915.05,917.55,2.5,2.17745359,2.20486489,0.00909141163,2.17747084,3.3477332e-06,0.00156555674,1.84850092e-06,-0.012067084
long_live_01,S0,5,pallet_outfeed,motor2,11,915.05,917.55,2.5,627.630014,627.651907,0.0721944036,627.630018,3.45637016e-05,0.00175949273,0.00544951468,0.0958256
long_live_01,S0,5,pallet_outfeed,motor3,11,915.05,917.55,2.5,854.443951,854.451756,0.0025885603,854.443951,2.00983745e-06,0.000753119329,0.000435170534,-0.0034356
long_live_01,S0,5,pallet_outfeed,motor4,11,915.05,917.55,2.5,-1.90955592e-05,2.05360499e-05,4.7788194e-07,1.91009945e-05,7.77004079e-06,0.00130173909,4.02273912e-11,6.3528912e-07
long_live_01,S0,5,pick,motor1,115,735.3,906.8,171.5,1.14608946,73.6203813,11.6603963,11.6660216,0.00276595534,0.00288789464,0.71835743,0.00201847866
long_live_01,S0,5,pick,motor2,115,735.3,906.8,171.5,1540.30113,3021.61165,675.992803,1680.92839,0.239340921,0.240375763,22391.0203,0.0991141108
long_live_01,S0,5,pick,motor3,115,735.3,906.8,171.5,517.529758,832.165185,167.01815,543.589502,0.971951807,1.12985227,41823.734,-3.56973383
long_live_01,S0,5,pick,motor4,115,735.3,906.8,171.5,-1.60562012e-05,0.00116123475,0.000343063699,0.000341946032,0.00172946939,0.00454745967,2.74853443e-05,1.27206843e-06
long_live_01,S0,5,place,motor1,167,743.7,913.45,169.75,-33.0177282,154.042729,46.1920662,56.6665745,0.00133617669,0.00183856633,0.887930991,0.364310235
long_live_01,S0,5,place,motor2,167,743.7,913.45,169.75,2504.47149,4648.75086,996.374584,2694.28934,0.25277515,0.260035562,15020.0316,-15.1943298
long_live_01,S0,5,place,motor3,167,743.7,913.45,169.75,725.598296,977.907804,132.061115,737.447349,0.246627088,0.297255214,5055.14303,2.26393676
long_live_01,S0,5,place,motor4,167,743.7,913.45,169.75,-1.64218006e-05,0.00111212201,0.000272421696,0.000272100833,0.00207340927,0.00390995343,2.24902699e-05,-2.55341587e-06
long_live_01,S0,5,return_home,motor1,2,914.65,914.85,0.2,-2.18597123,10.3778981,11.5851341,8.47856922,0.0010418182,0.00510320386,0.0022651395,-81.9192687
long_live_01,S0,5,return_home,motor2,2,914.65,914.85,0.2,627.403862,637.221184,13.8837899,627.480666,0.00154887423,0.0124401798,0.344431161,98.17322
long_live_01,S0,5,return_home,motor3,2,914.65,914.85,0.2,871.344809,879.306644,11.2597343,871.381184,0.0101253409,0.0480722824,1.83661632,79.618345
long_live_01,S0,5,return_home,motor4,2,914.65,914.85,0.2,-0.000222511184,0.000445022368,0.000314678334,0.000314678334,0.000871230804,0.00447143144,7.75434391e-08,-0.00222511184
long_live_01,S0,5,return_home_between_layers,motor1,24,778.7,914.4,135.7,-1.32718315,45.1645997,16.3852858,16.095106,0.00105490255,0.00180668698,0.187274496,0.329564453
long_live_01,S0,5,return_home_between_layers,motor2,24,778.7,914.4,135.7,1363.54463,3574.09789,1110.59945,1743.93009,0.48806081,0.482508462,36675.0256,-18.83557
long_live_01,S0,5,return_home_between_layers,motor3,24,778.7,914.4,135.7,757.724273,975.660137,129.283585,768.221252,0.818274339,0.908376137,28197.0597,2.77906379
long_live_01,S0,5,return_home_between_layers,motor4,24,778.7,914.4,135.7,-0.000137727594,0.00127588135,0.000600601615,0.000603871753,0.00288704832,0.00938092319,7.85010401e-05,-9.64963316e-07
long_live_01,S0,5,unknown,motor1,12,783.25,875.75,92.5,-12.6974034,41.9075563,18.5958964,21.8681077,0.00208894654,0.00236713223,0.945124424,-0.339076661
long_live_01,S0,5,unknown,motor2,12,783.25,875.75,92.5,2460.99346,3020.36046,555.558966,2517.81931,0.234652037,0.352353706,24269.9524,12.7764164
long_live_01,S0,5,unknown,motor3,12,783.25,875.75,92.5,610.608913,719.837548,90.3481405,616.705601,0.624281029,0.944935356,17510.8001,-2.24709379
long_live_01,S0,5,unknown,motor4,12,783.25,875.75,92.5,2.78156897e-05,0.000316194063,0.0001395166,0.000136442372,0.00114968188,0.00186544837,4.82692715e-06,3.00239544e-06
long_live_01,S0,6,cycle_complete,motor1,3,1104.7,1105.2,0.5,2.17420128,2.17420128,0,2.17420128,0,0,0,0
long_live_01,S0,6,cycle_complete,motor2,3,1104.7,1105.2,0.5,627.581502,627.581502,0,627.581502,0,0,0,0
long_live_01,S0,6,cycle_complete,motor3,3,1104.7,1105.2,0.5,854.444004,854.444004,0,854.444004,1.77635684e-13,3.41860033e-13,7.58898725e-11,0
long_live_01,S0,6,cycle_complete,motor4,3,1104.7,1105.2,0.5,-1.89484757e-05,1.89484757e-05,0,1.89484757e-05,0,0,0,0
long_live_01,S0,6,grip_contact,motor1,14,923.65,1094.15,170.5,-9.25811779,94.021564,27.7531904,28.3007988,0.000817555078,0.00621631891,0.803904781,0.570045661
long_live_01,S0,6,grip_contact,motor2,14,923.65,1094.15,170.5,2241.95973,3023.48707,507.660182,2294.70996,0.00171930623,0.00514374291,141.983303,-6.33080915
long_live_01,S0,6,grip_contact,motor3,14,923.65,1094.15,170.5,289.731148,506.484873,124.984422,313.766554,0.0120008728,0.0359835949,180.490127,-1.34805521
long_live_01,S0,6,grip_contact,motor4,14,923.65,1094.15,170.5,4.4573255e-05,0.000360997346,0.000107905599,0.000113131367,0.000454160933,0.00222332386,3.01362822e-06,-2.57432301e-06
long_live_01,S0,6,lift_before_pick,motor1,119,919.3,1091.9,172.6,12.5670211,1597.11929,547.181564,545.022535,1.46726462,0.893469194,32750.1468,-0.0647078731
long_live_01,S0,6,lift_before_pick,motor2,119,919.3,1091.9,172.6,1667.10374,4923.88963,1167.61904,2032.51384,0.778084204,0.647501456,54816.9489,0.201464096
long_live_01,S0,6,lift_before_pick,motor3,119,919.3,1091.9,172.6,792.996345,1012.99094,98.7679893,799.072176,0.832633167,0.651099801,20967.6418,0.241219803
long_live_01,S0,6,lift_before_pick,motor4,119,919.3,1091.9,172.6,0.000259126864,0.0340787475,0.0122226836,0.0121739776,0.00516481459,0.00979401679,0.00216132722,-6.42653144e-05
long_live_01,S0,6,lift_with_load,motor1,146,924.05,1096,171.95,1.48293788,36.9295576,8.71765793,8.81340645,0.00104948066,0.00177779399,0.284712475,0.155539809
long_live_01,S0,6,lift_with_load,motor2,146,924.05,1096,171.95,1504.93699,3263.98696,727.522447,1670.47867,0.242602123,0.238049538,22012.2381,-15.143008
long_live_01,S0,6,lift_with_load,motor3,146,924.05,1096,171.95,659.496262,879.41786,138.257254,673.735455,0.972927826,1.03227536,36628.69,0.914344356
long_live_01,S0,6,lift_with_load,motor4,146,924.05,1096,171.95,-0.000106260851,0.00563248448,0.000658086008,0.000664381126,0.00168156209,0.00374271957,4.62933547e-05,-4.19373675e-06
long_live_01,S0,6,move_to_pallet,motor1,170,926.55,1097.8,171.25,-12.0374682,2017.68424,506.195631,504.848154,1.4953336,0.783200345,23737.5573,3.19520749
long_live_01,S0,6,move_to_pallet,motor2,170,926.55,1097.8,171.25,1661.40332,3742.00139,911.17679,1893.57343,0.659147966,0.481545274,33798.0558,-10.1169317
long_live_01,S0,6,move_to_pallet,motor3,170,926.55,1097.8,171.25,792.867458,1039.59297,107.175596,800.036153,0.798427938,0.640900983,18474.5305,-0.118028928
long_live_01,S0,6,move_to_pallet,motor4,170,926.55,1097.8,171.25,-0.000812364557,0.0435113725,0.0100865603,0.0100896072,0.0942463001,0.0709874961,0.00651811795,0.000168193209
long_live_01,S0,6,pallet_arrived,motor1,3,918.7,919.05,0.35,-2.07020708,10.5600156,7.35238985,6.35013242,0.000306051846,0.000883495578,0.000565584647,-36.3848937
long_live_01,S0,6,pallet_arrived,motor2,3,918.7,919.05,0.35,631.241237,642.404263,9.8705951,631.292683,2.94106333e-05,8.4901185e-05,0.00330636536,42.1495886
long_live_01,S0,6,pallet_arrived,motor3,3,918.7,919.05,0.35,851.783387,856.724216,6.68040018,851.800851,0.00831958122,0.0192470295,1.72479082,6.51728286
long_live_01,S0,6,pallet_arrived,motor4,3,918.7,919.05,0.35,-6.31594237e-06,1.89478271e-05,1.09395331e-05,1.09395331e-05,0.000381328886,0.00126475161,0,5.41366489e-05
long_live_01,S0,6,pallet_outfeed,motor1,10,1102,1104.2,2.2,2.17453549,2.17752671,0.00105101911,2.17453572,8.97148134e-08,3.53115862e-05,4.79869303e-08,-0.00151155909
long_live_01,S0,6,pallet_outfeed,motor2,10,1102,1104.2,2.2,627.577431,627.581502,0.0128012791,627.577431,2.04589465e-06,0.000499738518,0.000315479426,0.0184109091
long_live_01,S0,6,pallet_outfeed,motor3,10,1102,1104.2,2.2,854.444072,854.444656,0.000205452374,854.444072,4.27477964e-07,0.000359750371,9.04730094e-05,-0.000296363636
long_live_01,S0,6,pallet_outfeed,motor4,10,1102,1104.2,2.2,-1.89749289e-05,1.92106158e-05,8.28151838e-08,1.89750915e-05,4.95094365e-07,6.98262886e-05,2.377883e-12,1.19154591e-07
long_live_01,S0,6,pallet_removed,motor1,1,1104.5,1104.5,0,2.17420128,2.17420128,0,2.17420128,0,0,0,0
long_live_01,S0,6,pallet_removed,motor2,1,1104.5,1104.5,0,627.581502,627.581502,0,627.581502,0,0,0,0
long_live_01,S0,6,pallet_removed,motor3,1,1104.5,1104.5,0,854.444004,854.444004,0,854.444004,0,5.92118946e-13,0,0
long_live_01,S0,6,pallet_removed,motor4,1,1104.5,1104.5,0,-1.89484757e-05,1.89484757e-05,0,1.89484757e-05,0,0,0,0
long_live_01,S0,6,pick,motor1,128,922,1093.95,171.95,-1.93108506,94.0215642,17.0088889,17.052015,0.00381808168,0.00266066088,1.44299526,0.00825632224
long_live_01,S0,6,pick,motor2,128,922,1093.95,171.95,1643.56999,3046.09056,731.540442,1797.85785,0.239340907,0.25944109,24967.3733,0.576867752
long_live_01,S0,6,pick,motor3,128,922,1093.95,171.95,532.703056,784.954741,154.88514,554.594027,0.971974778,1.12991869,40149.2623,-2.90337687
long_live_01,S0,6,pick,motor4,128,922,1093.95,171.95,-3.34260174e-05,0.00125557931,0.000317693128,0.000318210174,0.00171899955,0.00456037932,2.73471239e-05,-1.0242192e-07
long_live_01,S0,6,place,motor1,171,930.3,1100.3,170,-32.6702157,150.170086,46.4607297,56.6861448,0.00143088057,0.00189664409,0.952285939,0.360788669
long_live_01,S0,6,place,motor2,171,930.3,1100.3,170,2484.01005,4420.70175,1015.93315,2682.60886,0.251177472,0.274992016,15275.7597,-14.0764083
long_live_01,S0,6,place,motor3,171,930.3,1100.3,170,726.081451,976.801497,134.80841,738.41811,0.249404031,0.308605968,5125.68771,2.12391068
long_live_01,S0,6,place,motor4,171,930.3,1100.3,170,-6.60966685e-06,0.00108923976,0.000255764155,0.000255100853,0.00228659784,0.00325170493,1.58610241e-05,5.13066466e-06
long_live_01,S0,6,return_home,motor1,2,1101.55,1101.75,0.2,1.0367152,3.0141447,2.79650762,2.23271266,0.000586930528,0.00307472037,0.000127309514,19.774295
long_live_01,S0,6,return_home,motor2,2,1101.55,1101.75,0.2,629.300234,635.459187,8.71007557,629.330372,0.000947155102,0.00531595775,0.169867886,-61.589535
long_live_01,S0,6,return_home,motor3,2,1101.55,1101.75,0.2,834.082882,854.931777,29.4847901,834.343413,0.00852749614,0.0619926005,1.4356728,208.48895
long_live_01,S0,6,return_home,motor4,2,1101.55,1101.75,0.2,-2.41546454e-05,4.83092909e-05,3.41598272e-05,3.41598272e-05,0.00099306179,0.00523258418,5.38122039e-10,-0.000241546454
long_live_01,S0,6,return_home_between_layers,motor1,25,965.35,1101.35,136,-2.64734226,45.1520403,15.872188,15.7752248,0.00105736793,0.00270716511,0.255076404,0.35208086
long_live_01,S0,6,return_home_between_layers,motor2,25,965.35,1101.35,136,1303.37771,3556.18479,1064.89925,1669.56385,0.48061064,0.438109169,30776.7533,-18.7668079
long_live_01,S0,6,return_home_between_layers,motor3,25,965.35,1101.35,136,773.871977,994.499659,124.99753,783.503187,0.824818834,0.868524819,24712.2438,2.81451996
long_live_01,S0,6,return_home_between_layers,motor4,25,965.35,1101.35,136,-5.74332176e-05,0.00108106785,0.000231069029,0.000233571733,0.00301053056,0.00746689479,2.03774167e-05,2.86133761e-07
long_live_01,S0,6,unknown,motor1,1,1074.4,1074.4,0,3.4858639,3.4858639,0,3.4858639,9.92162797e-05,0.000331350437,0,0
long_live_01,S0,6,unknown,motor2,1,1074.4,1074.4,0,1931.19485,1931.19485,0,1931.19485,0.000312266891,0.00115774686,0,0
long_live_01,S0,6,unknown,motor3,1,1074.4,1074.4,0,202.265523,202.265523,0,202.265523,0.00151262925,0.0240973586,0,0
long_live_01,S0,6,unknown,motor4,1,1074.4,1074.4,0,0,0,0,0,0.000220869543,0.00266387313,0,0
long_live_01,S0,7,cycle_complete,motor1,4,1290.9,1291.6,0.7,2.17493232,2.17493232,0,2.17493232,8.8817842e-14,0,1.80294609e-13,0
long_live_01,S0,7,cycle_complete,motor2,4,1290.9,1291.6,0.7,627.685462,627.685462,0,627.685462,8.8817842e-14,3.66504409e-13,2.60165118e-11,0
long_live_01,S0,7,cycle_complete,motor3,4,1290.9,1291.6,0.7,854.442865,854.442865,0,854.442865,0,0,0,0
long_live_01,S0,7,cycle_complete,motor4,4,1290.9,1291.6,0.7,-1.89483394e-05,1.89483395e-05,5.77350279e-14,1.89483394e-05,0,0,0,0
long_live_01,S0,7,grip_contact,motor1,12,1110.5,1280.35,169.85,-11.6293912,94.0218313,29.9853253,30.9747611,0.00381808106,0.00970222031,6.09340273,0.163898754
long_live_01,S0,7,grip_contact,motor2,12,1110.5,1280.35,169.85,2293.74108,3023.49064,534.385525,2350.11036,0.0017193017,0.00486494357,83.5434552,-6.4309509
long_live_01,S0,7,grip_contact,motor3,12,1110.5,1280.35,169.85,291.388348,470.175584,131.070939,317.261923,0.00151262482,0.0229866565,32.6897061,-1.35632063
long_live_01,S0,7,grip_contact,motor4,12,1110.5,1280.35,169.85,2.46292117e-05,0.000250949664,9.92903605e-05,9.82019642e-05,0.000478160744,0.00190261996,3.5762676e-06,-1.21026997e-07
long_live_01,S0,7,lift_before_pick,motor1,117,1106.2,1278,171.8,-7.46646226,1552.31983,515.229896,513.077664,1.46725127,0.935453753,30278.4051,-1.35643765
long_live_01,S0,7,lift_before_pick,motor2,117,1106.2,1278,171.8,1671.37076,4923.89792,1159.62839,2031.43415,0.740564518,0.65922874,54083.9383,-0.106986153
long_live_01,S0,7,lift_before_pick,motor3,117,1106.2,1278,171.8,792.81719,1008.32944,95.6926495,798.522331,0.788276186,0.650895256,21188.8125,0.192076426
long_live_01,S0,7,lift_before_pick,motor4,117,1106.2,1278,171.8,-0.000260984383,0.0383539895,0.012345043,0.0122949434,0.00542221829,0.0105353861,0.00198430894,-8.89282407e-05
long_live_01,S0,7,lift_with_load,motor1,144,1110.75,1282.2,171.45,0.918854112,36.929825,9.47114688,9.48282559,0.00104948057,0.00168414216,0.261171117,0.167398013
long_live_01,S0,7,lift_with_load,motor2,144,1110.75,1282.2,171.45,1556.57224,3269.24166,734.503906,1720.07751,0.242747824,0.243725401,23214.3542,-14.7253113
long_live_01,S0,7,lift_with_load,motor3,144,1110.75,1282.2,171.45,651.858605,879.417857,142.937921,667.239842,0.97292548,1.06508676,37982.9769,1.23710833
long_live_01,S0,7,lift_with_load,motor4,144,1110.75,1282.2,171.45,-0.000157866074,0.0111529503,0.00111117741,0.00111850907,0.00252087396,0.00400844773,7.18244463e-05,-4.08018782e-06
long_live_01,S0,7,move_to_pallet,motor1,170,1113.4,1284.2,170.8,13.077156,2017.68393,498.904513,497.606847,1.49533356,0.801745069,23554.8387,6.58098681
long_live_01,S0,7,move_to_pallet,motor2,170,1113.4,1284.2,170.8,1649.2813,3742.28266,899.087777,1877.16077,0.639471344,0.497590555,35012.4483,-9.7522042
long_live_01,S0,7,move_to_pallet,motor3,170,1113.4,1284.2,170.8,798.472473,1011.71337,105.18323,805.330195,0.797273845,0.637822457,18768.8844,0.150563724
long_live_01,S0,7,move_to_pallet,motor4,170,1113.4,1284.2,170.8,0.000317526642,0.0549635808,0.0120998664,0.0120684039,0.0942463298,0.0587332624,0.00690250826,0.000178806874
long_live_01,S0,7,pallet_arrived,motor1,3,1105.5,1105.95,0.45,4.47263544,8.13052391,3.20242593,5.18087724,0.000397259499,0.00117135672,0.000793738436,13.2362725
long_live_01,S0,7,pallet_arrived,motor2,3,1105.5,1105.95,0.45,627.771849,637.235997,9.37042509,627.818469,0.00172310667,0.00463573091,0.282976651,21.4544333
long_live_01,S0,7,pallet_arrived,motor3,3,1105.5,1105.95,0.45,857.023261,863.047124,5.2347303,857.033919,0.00996276464,0.0374734757,2.01906453,-1.92299778
long_live_01,S0,7,pallet_arrived,motor4,3,1105.5,1105.95,0.45,0.000329889708,0.0010086176,0.000587871946,0.000582428396,0.00111842788,0.00262925393,2.5381486e-07,0.00228348017
long_live_01,S0,7,pallet_outfeed,motor1,12,1288.05,1290.6,2.55,2.19738135,2.44306362,0.0773706846,2.19862961,9.68266534e-06,0.000563991226,5.55393509e-06,-0.105149529
long_live_01,S0,7,pallet_outfeed,motor2,12,1288.05,1290.6,2.55,627.520035,627.685462,0.569849202,627.520272,9.91371367e-05,0.00013120752,0.0145935322,0.774477647
long_live_01,S0,7,pallet_outfeed,motor3,12,1288.05,1290.6,2.55,854.449143,854.517869,0.0216432597,854.449143,5.10686105e-05,0.00795628167,0.010132231,-0.0294133333
long_live_01,S0,7,pallet_outfeed,motor4,12,1288.05,1290.6,2.55,-1.95586845e-05,2.62058025e-05,2.0933827e-06,1.96611089e-05,3.58615927e-05,0.00104808045,2.19277212e-10,2.84606396e-06
long_live_01,S0,7,pick,motor1,121,1109.05,1280.15,171.1,0.543721921,63.6213799,11.6663445,11.6307526,0.00276595659,0.00281619026,0.687132388,0.00973949065
long_live_01,S0,7,pick,motor2,121,1109.05,1280.15,171.1,1586.21673,3044.07786,694.83484,1730.57474,0.234722119,0.245154981,23876.2202,1.18130403
long_live_01,S0,7,pick,motor3,121,1109.05,1280.15,171.1,517.574848,832.17022,167.667853,543.841794,0.971856579,1.08162079,40683.0918,-1.94572899
long_live_01,S0,7,pick,motor4,121,1109.05,1280.15,171.1,-9.50874242e-05,0.00125554533,0.000342172788,0.000353774241,0.00172901342,0.00453826467,2.43651735e-05,1.12855195e-06
long_live_01,S0,7,place,motor1,168,1116.8,1286.6,169.8,-32.9265386,150.089218,46.2727104,56.6795876,0.00114155114,0.00165144875,0.987405051,0.405130181
long_live_01,S0,7,place,motor2,168,1116.8,1286.6,169.8,2493.51266,4470.96283,1001.07756,2685.85116,0.249542625,0.268662365,15996.4564,-16.9507721
long_live_01,S0,7,place,motor3,168,1116.8,1286.6,169.8,725.674496,972.0338,134.391874,737.941152,0.246529394,0.311579078,5155.87712,2.16841723
long_live_01,S0,7,place,motor4,168,1116.8,1286.6,169.8,1.4567534e-05,0.00114477894,0.000284455523,0.00028398155,0.00167270702,0.00340788385,1.84177675e-05,-3.1940513e-07
long_live_01,S0,7,return_home,motor1,1,1287.75,1287.75,0,-0.885336083,0.885336083,0,0.885336083,0.000576322288,0.00646989817,0,0
long_live_01,S0,7,return_home,motor2,1,1287.75,1287.75,0,633.811943,633.811943,0,633.811943,2.94792543e-05,0.00465966763,0,0
long_live_01,S0,7,return_home,motor3,1,1287.75,1287.75,0,856.735651,856.735651,0,856.735651,0.00831925267,0.0313683834,0,0
long_live_01,S0,7,return_home,motor4,1,1287.75,1287.75,0,0.000933113134,0.000933113134,0,0.000933113134,0.00112422328,0.00101465759,0,0
long_live_01,S0,7,return_home_between_layers,motor1,24,1151.8,1287.5,135.7,-0.978722349,48.4334215,16.286445,15.9735462,0.00104115225,0.00143738921,0.17301983,0.296439932
long_live_01,S0,7,return_home_between_layers,motor2,24,1151.8,1287.5,135.7,1224.17741,3569.81059,1035.79069,1589.58173,0.49572196,0.447255735,29943.2771,-18.8355727
long_live_01,S0,7,return_home_between_layers,motor3,24,1151.8,1287.5,135.7,778.593768,1016.32668,125.345789,788.203764,0.8182744,0.893488272,24190.5616,2.55159455
long_live_01,S0,7,return_home_between_layers,motor4,24,1151.8,1287.5,135.7,0.000852559323,0.0109341287,0.00253592723,0.00262484838,0.00288786154,0.00735275976,6.09670711e-05,-5.07450855e-07
long_live_01,S0,7,unknown,motor1,6,1247.55,1248.95,1.4,-12.2322457,37.7539621,18.5704407,20.9048374,0.000627070312,0.000951300218,0.00725321961,-5.82436079
long_live_01,S0,7,unknown,motor2,6,1247.55,1248.95,1.4,2535.22433,3044.24903,574.452297,2588.89139,0.239382454,0.377572287,417.299446,874.548136
long_live_01,S0,7,unknown,motor3,6,1247.55,1248.95,1.4,594.153696,718.389136,100.120241,601.142247,0.606321716,0.971793081,280.475167,-146.618274
long_live_01,S0,7,unknown,motor4,6,1247.55,1248.95,1.4,-0.000136410459,0.000528043925,0.000285888654,0.000294479341,0.00107614414,0.00302024251,2.33279959e-07,0.000256869186
long_live_01,S0,8,cycle_complete,motor1,4,1477.4,1478.05,0.65,2.17469863,2.17469863,0,2.17469863,8.8817842e-14,4.23892656e-13,1.25548826e-13,0
long_live_01,S0,8,cycle_complete,motor2,4,1477.4,1478.05,0.65,627.652114,627.652114,0,627.652114,0,0,0,0
long_live_01,S0,8,cycle_complete,motor3,4,1477.4,1478.05,0.65,854.443163,854.443163,0,854.443163,0,0,0,0
long_live_01,S0,8,cycle_complete,motor4,4,1477.4,1478.05,0.65,-1.89478371e-05,1.89478371e-05,0,1.89478371e-05,0,0,0,0
long_live_01,S0,8,grip_contact,motor1,12,1296.75,1466.85,170.1,-17.5110961,94.021564,37.8925347,40.2843517,0.00381808168,0.00952705488,11.4755794,0.571525846
long_live_01,S0,8,grip_contact,motor2,12,1296.75,1466.85,170.1,2293.60546,3023.48707,534.064478,2349.91109,0.000599567847,0.00461849378,95.1919217,-6.3671552
long_live_01,S0,8,grip_contact,motor3,12,1296.75,1466.85,170.1,301.3917,506.484872,132.774019,327.103682,0.012000873,0.0327913908,197.410545,-1.37070048
long_live_01,S0,8,grip_contact,motor4,12,1296.75,1466.85,170.1,5.67432323e-05,0.000320223921,0.000127266411,0.000134412818,0.000570078211,0.00228830876,3.85300688e-06,-4.65485225e-07
long_live_01,S0,8,lift_before_pick,motor1,115,1292.55,1464.5,171.95,2.40308911,1597.33912,547.37769,544.997888,1.47761251,0.918525111,29136.6576,-1.41873967
long_live_01,S0,8,lift_before_pick,motor2,115,1292.55,1464.5,171.95,1664.50807,4861.35292,1167.23324,2030.06731,0.769239878,0.673154681,53511.5175,0.556064269
long_live_01,S0,8,lift_before_pick,motor3,115,1292.55,1464.5,171.95,791.982852,1022.31253,100.156581,798.236149,0.820132271,0.660097591,20447.9807,0.324304274
long_live_01,S0,8,lift_before_pick,motor4,115,1292.55,1464.5,171.95,4.00658359e-05,0.0343920236,0.0122954049,0.0122418954,0.00542114578,0.0110928176,0.00178111958,-8.88550014e-05
long_live_01,S0,8,lift_with_load,motor1,147,1297,1468.85,171.85,1.04049145,38.3992461,9.53334224,9.55766572,0.0010494867,0.00235183029,0.262345086,0.241010916
long_live_01,S0,8,lift_with_load,motor2,147,1297,1468.85,171.85,1517.51186,3268.94058,748.668447,1691.01559,0.242602123,0.244523611,23047.7046,-14.4341639
long_live_01,S0,8,lift_with_load,motor3,147,1297,1468.85,171.85,655.960465,879.417999,135.220456,669.659853,0.972925559,1.03794173,38237.7526,1.52412591
long_live_01,S0,8,lift_with_load,motor4,147,1297,1468.85,171.85,-0.000123952796,0.00563248448,0.000729272107,0.0007372816,0.00199182949,0.00413164993,5.48601606e-05,-1.47724315e-06
long_live_01,S0,8,move_to_pallet,motor1,165,1299.5,1470.65,171.15,-12.5398809,2017.68393,526.91932,525.469817,1.4953336,0.833789237,25375.5493,0.896948419
long_live_01,S0,8,move_to_pallet,motor2,165,1299.5,1470.65,171.15,1670.40356,3740.44968,909.108338,1900.45181,0.661534156,0.477540059,31621.5907,-8.77800786
long_live_01,S0,8,move_to_pallet,motor3,165,1299.5,1470.65,171.15,790.032867,1030.42136,106.553368,797.142861,0.817282735,0.6559724,17726.4551,0.0446818171
long_live_01,S0,8,move_to_pallet,motor4,165,1299.5,1470.65,171.15,-4.93952956e-05,0.054963578,0.0113327429,0.011298457,0.00641302883,0.00729239737,0.00280101242,6.42994675e-05
long_live_01,S0,8,pallet_arrived,motor1,3,1291.8,1292.3,0.5,2.85196415,3.36681174,0.612267861,2.89544714,0.000645352106,0.00215391872,0.000564293074,1.67843214
long_live_01,S0,8,pallet_arrived,motor2,3,1291.8,1292.3,0.5,629.404586,637.360483,7.25082829,629.432429,0.000819571799,0.004223918,0.257644743,-9.035298
long_live_01,S0,8,pallet_arrived,motor3,3,1291.8,1292.3,0.5,832.210451,844.184104,16.08304,832.31405,0.00526332658,0.0250304628,2.032514,-11.333328
long_live_01,S0,8,pallet_arrived,motor4,3,1291.8,1292.3,0.5,0.000993145363,0.00297943609,0.00172017823,0.00172017823,0.0010869328,0.00206287781,8.09611703e-07,0.00595887218
long_live_01,S0,8,pallet_outfeed,motor1,12,1474.7,1477.1,2.4,2.17722535,2.20486641,0.00870478537,2.1772413,3.3477372e-06,0.000454942786,1.61840244e-06,-0.0125699083
long_live_01,S0,8,pallet_outfeed,motor2,12,1474.7,1477.1,2.4,627.631853,627.652114,0.0690704875,627.631857,1.20511681e-05,0.00197562081,0.00167420183,0.09981875
long_live_01,S0,8,pallet_outfeed,motor3,12,1474.7,1477.1,2.4,854.443888,854.451752,0.00247670079,854.443888,2.00983621e-06,0.000505396402,0.000379740354,-0.00357875
long_live_01,S0,8,pallet_outfeed,motor4,12,1474.7,1477.1,2.4,-1.90829707e-05,2.05326826e-05,4.5666072e-07,1.90879787e-05,7.75374653e-06,0.000381737261,3.54773429e-11,6.60352292e-07
long_live_01,S0,8,pick,motor1,133,1295.35,1466.6,171.25,-0.982238121,73.6203805,14.3222109,14.3020354,0.0027659506,0.00167841069,0.380744533,0.00978862493
long_live_01,S0,8,pick,motor2,133,1295.35,1466.6,171.25,1649.63044,3046.44796,735.981123,1805.23575,0.239340942,0.251904056,23886.5432,1.28750137
long_live_01,S0,8,pick,motor3,133,1295.35,1466.6,171.25,525.236873,832.162621,165.726281,550.57467,0.971819091,1.10503951,38690.9773,-2.04949216
long_live_01,S0,8,pick,motor4,133,1295.35,1466.6,171.25,1.12997503e-06,0.00116124281,0.00033660204,0.000335336135,0.00184245805,0.00504963392,3.06825322e-05,6.49536597e-07
long_live_01,S0,8,place,motor1,168,1303.3,1473.05,169.75,-31.9835367,144.367375,45.3092417,55.3502863,0.00133617669,0.00179078603,1.10903738,0.410722086
long_live_01,S0,8,place,motor2,168,1303.3,1473.05,169.75,2467.3437,4648.75085,990.626618,2657.68409,0.263971582,0.280931204,16481.0551,-14.3522011
long_live_01,S0,8,place,motor3,168,1303.3,1473.05,169.75,727.48187,965.707121,135.674857,739.951329,0.247838429,0.313541889,5154.69485,2.12726765
long_live_01,S0,8,place,motor4,168,1303.3,1473.05,169.75,8.44031489e-07,0.0010848532,0.000299913916,0.000299021174,0.00214627968,0.00390700765,2.49139907e-05,4.61841588e-06
long_live_01,S0,8,return_home,motor1,2,1474.25,1474.45,0.2,7.06761853,8.12929655,1.50143945,7.14691486,0.000464417653,0.00613330099,0.00120384859,10.6167801
long_live_01,S0,8,return_home,motor2,2,1474.25,1474.45,0.2,617.645372,617.692491,0.066637036,617.645373,0.00172294776,0.0150901178,0.404027209,0.471195
long_live_01,S0,8,return_home,motor3,2,1474.25,1474.45,0.2,858.47893,863.378477,6.92900582,858.492911,0.0101231987,0.0529082954,1.82309269,-48.99547
long_live_01,S0,8,return_home,motor4,2,1474.25,1474.45,0.2,-9.70564945e-05,0.000194112989,0.000137258611,0.000137258611,0.000338261013,0.00295396602,1.31321713e-08,-0.000970564945
long_live_01,S0,8,return_home_between_layers,motor1,26,1338.3,1474.05,135.75,-0.545958927,46.7217163,14.1051699,13.8420281,0.00104116826,0.00132507673,0.0844494096,0.403991927
long_live_01,S0,8,return_home_between_layers,motor2,26,1338.3,1474.05,135.75,1230.67966,3584.87192,1002.39449,1575.03054,0.488060922,0.474477645,31432.314,-20.348798
long_live_01,S0,8,return_home_between_layers,motor3,26,1338.3,1474.05,135.75,778.469404,975.639364,110.875002,786.024847,0.8182744,0.962314531,25405.5482,1.6624322
long_live_01,S0,8,return_home_between_layers,motor4,26,1338.3,1474.05,135.75,0.000303309723,0.00663937121,0.00146879404,0.00147186191,0.00301962152,0.0082085417,6.25290292e-05,4.00217148e-06
long_live_01,S0,8,unknown,motor1,9,1404.65,1406.5,1.85,3.1819803,20.12757,11.6137341,11.4025121,0.00039109324,0.001264856,0.00331958411,-9.18869613
long_live_01,S0,8,unknown,motor2,9,1404.65,1406.5,1.85,1463.33222,2994.57252,939.566656,1710.56699,0.374488966,0.602004146,379.078057,1206.94052
long_live_01,S0,8,unknown,motor3,9,1404.65,1406.5,1.85,850.413945,1003.71006,89.0042908,854.543998,0.291201366,0.459196752,119.066877,0.572008649
long_live_01,S0,8,unknown,motor4,9,1404.65,1406.5,1.85,0.000206911914,0.000924060557,0.000456107253,0.000477212213,0.00177421515,0.00357569121,8.52873855e-07,0.000191050786
long_live_01,S0,9,cycle_complete,motor1,4,1663.9,1664.65,0.75,2.17443643,2.17443643,0,2.17443643,0,0,0,0
long_live_01,S0,9,cycle_complete,motor2,4,1663.9,1664.65,0.75,627.615059,627.615059,0,627.615059,0,0,0,0
long_live_01,S0,9,cycle_complete,motor3,4,1663.9,1664.65,0.75,854.443702,854.443702,0,854.443702,0,0,0,0
long_live_01,S0,9,cycle_complete,motor4,4,1663.9,1664.65,0.75,-1.89484292e-05,1.89484292e-05,0,1.89484292e-05,0,0,0,0
long_live_01,S0,9,grip_contact,motor1,14,1483.2,1653.25,170.05,-5.52981231,94.0215642,26.6240262,26.2447377,0.00381808168,0.00803699212,5.2597349,0.0245499443
long_live_01,S0,9,grip_contact,motor2,14,1483.2,1653.25,170.05,2240.66433,3014.73923,507.693135,2293.45113,0.000599569972,0.00583461778,64.8652652,-6.36910497
long_live_01,S0,9,grip_contact,motor3,14,1483.2,1653.25,170.05,296.359373,471.084821,116.586928,316.939262,0.012000873,0.0437956862,174.550252,-1.37536091
long_live_01,S0,9,grip_contact,motor4,14,1483.2,1653.25,170.05,4.6849111e-05,0.000250984917,0.000112052875,0.000117702336,0.000478237238,0.00151065112,3.50231371e-06,-1.37205875e-06
long_live_01,S0,9,lift_before_pick,motor1,117,1478.85,1650.85,172,3.44263427,1552.66474,525.369572,523.130912,1.47759522,0.904151838,30159.1216,-0.599989928
long_live_01,S0,9,lift_before_pick,motor2,117,1478.85,1650.85,172,1652.99448,4601.82737,1147.27997,2009.32627,0.778087993,0.666513799,52188.632,-0.278097308
long_live_01,S0,9,lift_before_pick,motor3,117,1478.85,1650.85,172,790.731051,1031.3368,93.3597831,796.176581,0.806231646,0.660840541,20114.7002,-0.109192337
long_live_01,S0,9,lift_before_pick,motor4,117,1478.85,1650.85,172,0.000157175415,0.0383534575,0.0124328639,0.0123806158,0.00542216063,0.00968903252,0.00215162895,-3.87891083e-05
long_live_01,S0,9,lift_with_load,motor1,143,1483.45,1655.15,171.7,0.656747613,38.3965455,10.2725705,10.2576352,0.00104948064,0.00215448598,0.29982332,0.270674598
long_live_01,S0,9,lift_with_load,motor2,143,1483.45,1655.15,171.7,1554.31041,3269.08911,765.622919,1731.46185,0.242747824,0.252154102,23658.2043,-14.347886
long_live_01,S0,9,lift_with_load,motor3,143,1483.45,1655.15,171.7,659.607141,879.417859,134.433105,673.073147,0.972927601,1.06109021,37360.8829,1.75526381
long_live_01,S0,9,lift_with_load,motor4,143,1483.45,1655.15,171.7,-7.02444293e-05,0.00563248317,0.000595878829,0.000597932137,0.0025206428,0.00365218475,4.26355211e-05,-2.00097443e-06
long_live_01,S0,9,move_to_pallet,motor1,158,1486,1657,171,-5.09545152,2017.68425,432.621757,431.28063,1.49533361,0.664701941,17718.9195,3.13559558
long_live_01,S0,9,move_to_pallet,motor2,158,1486,1657,171,1608.47834,3742.00206,907.137255,1845.23504,0.661586607,0.490462123,33998.5521,-9.49945182
long_live_01,S0,9,move_to_pallet,motor3,158,1486,1657,171,793.790187,1039.57987,108.236711,801.089196,0.812633771,0.629383661,17880.1423,0.00270945029
long_live_01,S0,9,move_to_pallet,motor4,158,1486,1657,171,-0.000261999873,0.0435113624,0.00947559279,0.0094491921,0.0942462723,0.0594123724,0.00649288323,0.000135311625
long_live_01,S0,9,pallet_arrived,motor1,3,1478.25,1478.65,0.4,-2.07015141,10.5598515,7.35229595,6.35004178,0.00104168027,0.00240565754,0.00219999779,-31.8363753
long_live_01,S0,9,pallet_arrived,motor2,3,1478.25,1478.65,0.4,631.241455,642.404289,9.87041103,631.292899,0.000250275806,0.00115981365,0.034996516,36.8804375
long_live_01,S0,9,pallet_arrived,motor3,3,1478.25,1478.65,0.4,865.763347,886.122705,17.6685697,865.883532,0.0083195824,0.0171112941,1.9982992,5.7025225
long_live_01,S0,9,pallet_arrived,motor4,3,1478.25,1478.65,0.4,-6.3159457e-06,1.89478371e-05,1.09395389e-05,1.09395389e-05,0.000382512659,0.00141789678,0,4.73695927e-05
long_live_01,S0,9,pallet_outfeed,motor1,12,1661.05,1663.5,2.45,2.18189132,2.26272693,0.0254587606,2.18202747,2.20339027e-06,0.00120075004,1.15415957e-06,-0.0360369388
long_live_01,S0,9,pallet_outfeed,motor2,12,1661.05,1663.5,2.45,627.532035,627.615059,0.275027145,627.53209,4.82734011e-05,0.00133359103,0.00702519464,0.390028571
long_live_01,S0,9,pallet_outfeed,motor3,12,1661.05,1663.5,2.45,854.448098,854.494509,0.0146262153,854.448098,1.09911824e-05,0.00959356442,0.00233221873,-0.020737551
long_live_01,S0,9,pallet_outfeed,motor4,12,1661.05,1663.5,2.45,-1.95729779e-05,2.6273788e-05,2.11075758e-06,1.96770294e-05,1.39224422e-05,0.00128220505,8.49812868e-11,2.98994237e-06
long_live_01,S0,9,pallet_removed,motor1,1,1663.7,1663.7,0,2.17443643,2.17443643,0,2.17443643,0,0,0,0
long_live_01,S0,9,pallet_removed,motor2,1,1663.7,1663.7,0,627.615059,627.615059,0,627.615059,0,0,0,0
long_live_01,S0,9,pallet_removed,motor3,1,1663.7,1663.7,0,854.443702,854.443702,0,854.443702,0,0,0,0
long_live_01,S0,9,pallet_removed,motor4,1,1663.7,1663.7,0,-1.89484292e-05,1.89484292e-05,0,1.89484292e-05,0,0,0,0
long_live_01,S0,9,pick,motor1,128,1481.75,1652.95,171.2,0.765276196,41.882157,11.2619721,11.2439667,0.00276595659,0.00289718204,0.579601109,0.0370909885
long_live_01,S0,9,pick,motor2,128,1481.75,1652.95,171.2,1620.16188,3051.82617,723.704137,1773.29648,0.239964251,0.25558296,24307.8369,1.27771741
long_live_01,S0,9,pick,motor3,128,1481.75,1652.95,171.2,523.523344,832.162621,161.994612,547.82655,0.971804819,1.11377382,40480.5937,-2.13994955
long_live_01,S0,9,pick,motor4,128,1481.75,1652.95,171.2,-6.17072802e-05,0.00116123929,0.000273483413,0.000279314597,0.0018421267,0.00442203621,1.77966245e-05,2.92626072e-07
long_live_01,S0,9,place,motor1,174,1489.75,1659.65,169.9,-31.7403146,150.170108,45.9154988,55.709643,0.00114539312,0.00146236566,0.777758268,0.436767734
long_live_01,S0,9,place,motor2,174,1489.75,1659.65,169.9,2450.79465,4470.96245,1016.47999,2652.11007,0.239114999,0.281105394,15643.8677,-15.3138677
long_live_01,S0,9,place,motor3,174,1489.75,1659.65,169.9,723.45432,968.179891,135.521956,735.966576,0.243917276,0.327148693,5093.22502,2.07565014
long_live_01,S0,9,place,motor4,174,1489.75,1659.65,169.9,-4.07281926e-05,0.000963495266,0.000278467344,0.000280637118,0.0020847145,0.00411066569,2.21424566e-05,-4.75070255e-07
long_live_01,S0,9,return_home,motor1,2,1660.6,1660.8,0.2,-2.98135225,10.2649003,10.3004924,7.87010378,0.00104208007,0.00398946752,0.00221290589,-72.8354805
long_live_01,S0,9,return_home,motor2,2,1660.6,1660.8,0.2,634.191055,642.415373,11.6309413,634.244381,0.00132191116,0.0098278175,0.319898741,82.243175
long_live_01,S0,9,return_home,motor3,2,1660.6,1660.8,0.2,871.1828,879.307436,11.4899697,871.220685,0.00996516311,0.0831213133,3.18313922,81.246355
long_live_01,S0,9,return_home,motor4,2,1660.6,1660.8,0.2,-0.000104134243,0.000173512433,9.81155775e-05,0.000125129029,0.00112422328,0.00491684557,4.16199939e-08,-0.000693781902
long_live_01,S0,9,return_home_between_layers,motor1,23,1524.85,1660.35,135.5,-0.993814556,46.7217163,15.5326762,15.2237301,0.000404420962,0.000980875131,0.0795453668,0.34221854
long_live_01,S0,9,return_home_between_layers,motor2,23,1524.85,1660.35,135.5,1282.50492,3569.81059,1067.39879,1653.66941,0.49572196,0.479980827,31221.1362,-20.1064587
long_live_01,S0,9,return_home_between_layers,motor3,23,1524.85,1660.35,135.5,780.138273,975.660223,116.960639,788.480021,0.830425321,0.936756434,25187.0805,1.49976396
long_live_01,S0,9,return_home_between_layers,motor4,23,1524.85,1660.35,135.5,5.97388443e-05,0.00309418228,0.000781655063,0.000766804289,0.00288786139,0.00806034613,5.57706997e-05,4.98748668e-06
long_live_01,S0,9,unknown,motor1,13,1579.7,1582.65,2.95,-55.3808637,1633.0045,839.211641,808.188176,1.47859885,1.30837677,1337.4318,185.985074
long_live_01,S0,9,unknown,motor2,13,1579.7,1582.65,2.95,1848.68573,3015.71285,718.930793,1973.51003,0.245032558,0.338525885,446.875121,16.3779831
long_live_01,S0,9,unknown,motor3,13,1579.7,1582.65,2.95,809.150088,1019.20688,94.6608506,814.245208,0.383115585,0.534996901,324.429206,-21.994519
long_live_01,S0,9,unknown,motor4,13,1579.7,1582.65,2.95,0.000202379193,0.0382073114,0.0188346088,0.0180968384,0.0293995807,0.0412596206,0.000139164349,0.00942022396
long_live_01,S0,9,water_bundle_generated,motor1,1,1549.85,1549.85,0,-44.5792659,44.5792659,0,44.5792659,3.38792414e-05,0.000175853282,0,0
long_live_01,S0,9,water_bundle_generated,motor2,1,1549.85,1549.85,0,3146.08027,3146.08027,0,3146.08027,8.64891971e-05,0.0173535329,0,0
long_live_01,S0,9,water_bundle_generated,motor3,1,1549.85,1549.85,0,756.015994,756.015994,0,756.015994,0.00317644273,0.0144941223,0,0
long_live_01,S0,9,water_bundle_generated,motor4,1,1549.85,1549.85,0,0,0,0,0,0.000148976404,0.00363330712,0,0
